timestamp,location_id,visitor_count,avg_stay_duration,peak_visitors,temperature,humidity,air_quality,weather_condition,resource_type,available_resources,resource_capacity,resource_demand,overcrowded,rating
06-12-2024 15:05,1,53,53,0,27.56305221,65.93175624,125,Sunny,restroom,2,32,23,0,1
06-12-2024 09:12,1,131,58,0,29.94202827,70.69355091,138,Rainy,food stall,10,39,38,0,3
01-12-2024 09:00,2,278,89,1,18.54787564,70.57350242,67,Sunny,food stall,3,15,13,1,1
04-12-2024 16:37,2,193,21,0,18.54670411,40.69341422,92,Rainy,food stall,11,46,18,0,3
02-12-2024 00:58,3,216,55,1,18.14535676,70.97704628,139,Rainy,parking spot,12,39,10,1,4
01-12-2024 20:53,2,65,49,0,15.68056285,65.69452543,59,Sunny,restroom,9,27,0,0,1
01-12-2024 18:55,1,270,88,1,23.85163323,40.58478755,56,Cloudy,food stall,16,6,3,1,3
04-12-2024 06:25,3,178,78,0,21.9652135,71.89543116,80,Rainy,parking spot,5,35,26,0,3
07-12-2024 14:55,2,145,45,0,25.25160658,71.76445939,124,Cloudy,parking spot,14,27,14,0,2
01-12-2024 13:20,1,112,115,0,20.78896109,54.69001176,83,Sunny,food stall,14,12,8,0,4
03-12-2024 08:49,3,101,37,0,27.09634461,66.51596201,56,Sunny,parking spot,15,50,12,0,2
01-12-2024 16:25,2,249,56,1,28.34490715,56.85683854,123,Rainy,parking spot,13,42,4,1,5
04-12-2024 07:14,3,209,32,1,19.66551105,78.92630514,121,Sunny,food stall,2,15,7,1,4
03-12-2024 21:46,3,95,51,0,25.82625932,58.83662823,142,Cloudy,restroom,7,40,22,0,5
07-12-2024 07:04,2,153,71,0,25.26826702,67.11647326,141,Sunny,parking spot,9,32,12,0,4
04-12-2024 06:01,2,142,42,0,20.34725471,48.09625488,55,Sunny,parking spot,14,33,16,0,2
06-12-2024 19:57,1,123,72,0,26.29537795,59.20000706,123,Sunny,restroom,12,6,1,0,2
07-12-2024 04:41,3,146,55,0,15.39332158,71.73528008,50,Sunny,parking spot,14,38,35,0,2
07-12-2024 11:30,2,223,115,1,29.72421908,44.16137724,54,Rainy,food stall,16,30,25,1,4
04-12-2024 10:13,2,176,105,0,27.96547888,76.14346924,85,Sunny,restroom,2,17,8,0,5
06-12-2024 01:15,3,157,105,0,23.45675271,41.2748485,146,Sunny,food stall,2,38,35,0,2
04-12-2024 17:48,3,272,49,1,16.1792016,61.86586806,113,Cloudy,food stall,13,46,15,1,3
03-12-2024 18:04,1,75,36,0,29.82628665,65.2170533,150,Rainy,parking spot,2,30,26,0,3
05-12-2024 13:39,3,257,116,1,17.00901211,72.02051503,120,Sunny,parking spot,14,46,21,1,4
06-12-2024 21:01,1,271,67,1,16.33153814,68.35987875,121,Rainy,food stall,4,34,13,1,5
07-12-2024 02:48,1,234,51,1,24.83143945,77.76757103,134,Sunny,food stall,17,30,4,1,3
01-12-2024 03:24,1,51,24,0,29.87287416,58.5903619,92,Rainy,parking spot,15,43,36,0,5
01-12-2024 10:28,3,80,94,0,24.21478549,72.18970358,104,Cloudy,parking spot,12,7,3,0,4
02-12-2024 12:56,2,63,52,0,23.00863149,77.86781928,76,Cloudy,parking spot,13,46,1,0,3
03-12-2024 15:29,2,258,95,1,16.45494245,73.31185677,125,Rainy,restroom,12,19,6,1,5
02-12-2024 22:21,1,208,18,1,26.91829383,42.44406296,90,Cloudy,restroom,18,19,1,1,3
06-12-2024 10:26,3,128,58,0,15.56494265,43.99437844,115,Cloudy,parking spot,14,5,1,0,5
05-12-2024 08:59,1,300,22,1,16.37881193,65.64823156,52,Sunny,food stall,15,7,6,1,1
05-12-2024 10:09,1,51,70,0,17.77252107,75.09213351,78,Rainy,parking spot,6,12,1,0,5
03-12-2024 13:55,1,112,38,0,16.47381715,75.511365,128,Rainy,parking spot,22,12,3,0,4
03-12-2024 22:06,3,60,101,0,16.56166697,40.3656248,104,Cloudy,parking spot,9,23,22,0,2
04-12-2024 01:58,2,240,59,1,24.53052469,78.18294313,120,Rainy,food stall,16,22,15,1,4
04-12-2024 08:49,2,191,35,0,22.15464818,74.87296182,50,Cloudy,food stall,7,37,35,0,5
01-12-2024 19:36,2,47,53,0,23.62687439,77.4834106,71,Sunny,parking spot,13,17,12,0,1
06-12-2024 19:12,3,57,77,0,20.45069336,64.17932778,50,Rainy,food stall,19,40,25,0,2
06-12-2024 07:12,3,48,46,0,23.03687154,59.00058582,59,Cloudy,food stall,17,29,21,0,4
04-12-2024 08:29,2,127,81,0,28.50751344,52.03040274,90,Cloudy,food stall,4,30,30,0,1
07-12-2024 04:46,3,51,85,0,18.8062402,56.77547128,82,Sunny,food stall,12,48,2,0,1
04-12-2024 14:26,1,45,84,0,23.80466013,46.37296231,50,Cloudy,parking spot,15,46,11,0,3
07-12-2024 05:56,2,170,46,0,24.97115393,59.79224191,53,Sunny,restroom,18,18,7,0,4
01-12-2024 13:46,2,155,46,0,27.54059671,51.21207381,88,Cloudy,restroom,13,37,1,0,2
04-12-2024 18:02,2,69,25,0,19.97070879,40.50411986,139,Rainy,restroom,20,13,10,0,1
06-12-2024 08:13,2,280,26,1,18.75262817,49.2970863,83,Rainy,parking spot,19,37,11,1,1
01-12-2024 12:13,3,114,79,0,21.39159104,42.35121202,110,Sunny,parking spot,4,16,3,0,2
04-12-2024 06:18,1,238,73,1,20.74385521,41.47067384,71,Rainy,food stall,9,37,24,1,4
05-12-2024 13:56,3,290,91,1,22.48612955,64.30718748,143,Cloudy,food stall,8,16,0,1,1
05-12-2024 19:10,2,207,82,1,24.5279545,70.35508868,65,Sunny,restroom,8,37,21,1,4
01-12-2024 12:19,2,197,51,0,17.18575021,58.38903232,82,Sunny,parking spot,15,23,7,0,2
03-12-2024 10:41,1,60,88,0,15.05257843,47.2306093,147,Rainy,restroom,13,6,1,0,2
03-12-2024 06:41,2,216,57,1,26.32516437,49.17010962,74,Sunny,restroom,12,31,11,1,3
05-12-2024 21:10,3,167,118,0,27.65233463,79.26237077,97,Rainy,restroom,11,24,8,0,3
04-12-2024 14:05,1,70,73,0,29.36211377,55.09952673,68,Rainy,food stall,17,49,28,0,1
03-12-2024 12:26,3,125,119,0,21.19257498,53.19039591,148,Sunny,food stall,11,39,20,0,2
04-12-2024 17:18,1,212,36,1,15.15363285,41.43912911,80,Cloudy,restroom,17,10,8,1,2
06-12-2024 23:25,3,195,27,0,25.15470488,47.44419591,124,Sunny,parking spot,14,5,1,0,4
03-12-2024 02:48,2,182,39,0,19.05145751,66.96957651,95,Rainy,restroom,12,42,2,0,2
03-12-2024 06:24,3,154,23,0,17.97567083,49.91007878,63,Cloudy,parking spot,14,14,14,0,1
03-12-2024 05:42,2,142,85,0,29.91894945,69.44578882,132,Rainy,food stall,10,21,3,0,5
01-12-2024 12:11,1,44,24,0,24.62454524,52.81622979,98,Cloudy,food stall,13,45,3,0,4
03-12-2024 01:29,3,258,37,1,19.61405853,68.91302904,119,Sunny,parking spot,3,17,12,1,5
05-12-2024 15:37,3,243,52,1,22.46951466,55.77928028,82,Sunny,restroom,10,41,40,1,5
01-12-2024 05:41,3,213,116,1,16.57863315,75.52160932,130,Rainy,food stall,3,38,34,1,2
03-12-2024 11:10,2,194,53,0,25.12253162,67.03361334,139,Sunny,parking spot,2,27,23,0,1
03-12-2024 05:39,3,195,116,0,23.60520583,55.3168611,92,Cloudy,parking spot,8,34,28,0,1
02-12-2024 01:25,3,117,44,0,15.90560244,75.02465635,115,Rainy,parking spot,2,15,2,0,3
03-12-2024 13:15,3,173,32,0,19.69989018,59.06893963,77,Sunny,parking spot,8,46,29,0,3
07-12-2024 23:49,3,261,42,1,26.68636398,50.08773508,111,Sunny,parking spot,11,10,5,1,1
04-12-2024 05:33,3,159,46,0,22.62774072,41.38248198,133,Sunny,parking spot,3,25,20,0,4
02-12-2024 00:22,1,206,105,1,20.79190016,63.43444381,84,Cloudy,restroom,16,25,6,1,5
05-12-2024 15:55,1,175,79,0,28.06687054,53.30773787,59,Sunny,restroom,19,37,20,0,2
07-12-2024 15:59,3,36,97,0,29.99245586,50.9848455,116,Cloudy,food stall,16,22,2,0,2
06-12-2024 11:58,2,233,57,1,22.31874913,66.88308173,67,Sunny,restroom,10,20,10,1,4
05-12-2024 01:57,1,67,64,0,22.6085805,48.05582784,79,Cloudy,food stall,5,21,4,0,3
01-12-2024 13:49,1,32,42,0,17.02998107,51.67023948,120,Rainy,food stall,2,13,0,0,4
02-12-2024 16:57,3,34,70,0,17.73989745,61.43344261,104,Rainy,restroom,6,36,26,0,5
06-12-2024 13:43,2,94,111,0,24.99259826,59.31716431,72,Cloudy,parking spot,4,41,31,0,4
02-12-2024 15:24,3,261,110,1,21.76688866,41.90810536,146,Sunny,food stall,6,22,6,1,5
03-12-2024 18:59,3,67,34,0,16.0329731,79.44350769,127,Sunny,parking spot,9,27,19,0,3
03-12-2024 19:36,3,263,102,1,20.46206679,65.51955154,83,Sunny,parking spot,18,19,3,1,1
01-12-2024 01:56,3,297,31,1,20.64846448,50.50416165,123,Sunny,restroom,13,27,14,1,4
04-12-2024 01:02,2,54,47,0,25.62054487,77.80225373,147,Cloudy,food stall,14,50,41,0,4
04-12-2024 12:02,3,218,74,1,22.50779573,70.03570998,100,Cloudy,restroom,8,49,47,1,4
05-12-2024 12:28,2,185,50,0,18.03985774,48.74497679,93,Sunny,food stall,2,41,9,0,3
02-12-2024 13:46,2,251,117,1,29.7619032,47.25770087,117,Rainy,restroom,3,27,16,1,4
05-12-2024 00:03,3,272,69,1,17.30194221,40.22195405,77,Cloudy,restroom,2,6,0,1,3
05-12-2024 17:05,3,53,71,0,16.51880909,77.92459961,141,Sunny,parking spot,7,9,6,0,3
05-12-2024 01:34,1,85,26,0,20.7279498,73.01872541,73,Rainy,food stall,8,50,40,0,1
07-12-2024 11:22,1,220,100,1,16.87967951,47.4182316,97,Cloudy,food stall,16,34,6,1,2
04-12-2024 00:39,3,240,39,1,26.86664199,77.98850286,55,Rainy,parking spot,19,32,25,1,2
04-12-2024 13:09,2,174,58,0,20.1179497,76.90309035,131,Rainy,restroom,6,7,6,0,4
04-12-2024 16:58,1,108,70,0,17.03669445,76.99842768,90,Rainy,restroom,13,34,0,0,3
02-12-2024 04:45,2,220,92,1,15.18128323,75.56872823,62,Cloudy,food stall,16,41,16,1,3
06-12-2024 13:49,1,129,39,0,15.42242351,68.32526215,72,Rainy,parking spot,6,35,12,0,1
02-12-2024 04:01,1,183,40,0,27.74154623,72.82861817,96,Rainy,restroom,6,47,45,0,2
06-12-2024 09:22,3,112,91,0,22.11792961,44.62153648,121,Sunny,parking spot,14,50,20,0,2
06-12-2024 13:37,3,108,63,0,26.73726231,43.40611578,69,Cloudy,food stall,6,22,16,0,2
07-12-2024 06:20,1,193,107,0,16.10535414,62.06830733,89,Sunny,restroom,4,5,0,0,3
02-12-2024 01:27,1,48,108,0,28.75448842,77.44162256,53,Cloudy,food stall,7,6,1,0,2
02-12-2024 01:20,2,40,51,0,27.1739767,76.65322796,88,Rainy,food stall,5,18,15,0,2
06-12-2024 15:49,2,268,75,1,22.98153858,48.38334724,67,Sunny,restroom,9,24,22,1,5
06-12-2024 11:31,1,108,104,0,23.34645276,42.53739731,114,Cloudy,parking spot,15,5,3,0,2
04-12-2024 21:28,3,92,117,0,15.25480028,75.02701424,92,Rainy,restroom,14,44,33,0,4
06-12-2024 13:54,2,170,117,0,18.49867159,43.14845899,147,Sunny,restroom,8,31,21,0,5
05-12-2024 02:59,2,147,44,0,26.83617166,53.57759014,62,Sunny,restroom,12,36,23,0,1
05-12-2024 03:26,3,43,19,0,15.02273112,49.49902387,111,Rainy,food stall,18,6,0,0,3
04-12-2024 00:50,1,200,52,0,21.56571968,60.75314656,139,Sunny,restroom,15,8,5,0,3
07-12-2024 06:04,1,227,114,1,26.08215635,55.35283098,144,Cloudy,food stall,13,42,31,1,4
07-12-2024 05:44,1,171,79,0,21.76788889,63.59705705,53,Cloudy,restroom,18,25,9,0,1
03-12-2024 03:42,3,256,114,1,21.10268926,41.97451592,109,Sunny,restroom,7,29,0,1,1
07-12-2024 10:59,1,50,30,0,27.80825226,78.07988424,102,Sunny,food stall,7,25,8,0,5
06-12-2024 20:23,2,207,29,1,23.84044067,61.00118327,91,Rainy,parking spot,7,27,9,1,1
07-12-2024 23:16,3,151,84,0,26.74593136,64.84345372,130,Cloudy,parking spot,3,13,5,0,3
03-12-2024 01:15,1,49,117,0,17.12164717,55.41115279,140,Sunny,parking spot,7,16,16,0,1
01-12-2024 13:13,2,246,86,1,25.74589547,65.11738171,104,Rainy,restroom,5,9,9,1,1
01-12-2024 21:57,3,212,89,1,17.51555826,64.88003409,60,Sunny,food stall,4,32,11,1,3
05-12-2024 02:15,2,94,26,0,22.93483428,41.43454425,78,Sunny,parking spot,4,37,16,0,3
05-12-2024 19:57,2,96,104,0,15.64459658,68.07461315,116,Cloudy,parking spot,14,18,7,0,1
06-12-2024 07:48,1,277,90,1,16.76673159,44.12726664,143,Cloudy,parking spot,19,19,12,1,1
04-12-2024 08:27,2,175,59,0,18.42507583,58.88297177,135,Rainy,parking spot,14,49,41,0,5
06-12-2024 00:43,1,223,92,1,21.77483345,50.02372258,136,Cloudy,parking spot,14,25,1,1,2
03-12-2024 19:53,2,120,104,0,23.19076369,56.42859453,110,Cloudy,restroom,17,13,8,0,1
03-12-2024 09:00,2,135,28,0,28.97281867,70.7681878,141,Sunny,parking spot,7,12,10,0,2
06-12-2024 01:04,2,122,45,0,20.51420144,51.52313146,144,Rainy,food stall,8,48,25,0,3
06-12-2024 17:36,2,167,45,0,26.82980032,76.65402021,63,Sunny,parking spot,17,8,7,0,1
01-12-2024 22:25,1,73,81,0,25.4874677,54.12211803,97,Sunny,parking spot,12,49,40,0,4
06-12-2024 00:13,1,178,115,0,25.14149696,71.05322241,77,Sunny,parking spot,14,19,13,0,5
07-12-2024 23:02,2,89,70,0,18.36284456,69.67896649,122,Sunny,parking spot,8,46,12,0,1
03-12-2024 21:55,1,56,83,0,24.09158071,60.49894057,91,Cloudy,restroom,16,48,12,0,3
07-12-2024 10:58,1,195,34,0,15.53182746,69.76625711,69,Cloudy,food stall,13,28,24,0,3
03-12-2024 04:50,3,290,102,1,19.65822481,78.27174398,81,Rainy,food stall,10,32,29,1,3
01-12-2024 20:24,3,293,19,1,18.73126428,40.27887144,146,Sunny,parking spot,9,25,17,1,4
01-12-2024 10:27,1,154,85,0,15.26212879,61.19260833,142,Rainy,food stall,16,20,20,0,5
07-12-2024 00:49,1,215,82,1,16.53249295,50.42775818,58,Rainy,parking spot,10,46,14,1,3
04-12-2024 06:08,3,294,79,1,25.23186396,77.43746607,65,Rainy,restroom,6,21,21,1,5
02-12-2024 21:09,1,132,105,0,23.78024457,76.17202522,101,Rainy,food stall,16,22,12,0,3
05-12-2024 11:15,2,198,47,0,20.45829897,61.45110081,108,Sunny,restroom,14,19,11,0,4
05-12-2024 16:26,2,77,28,0,18.30634816,68.50518882,70,Cloudy,food stall,2,25,21,0,5
04-12-2024 05:42,1,140,102,0,25.54695901,50.08537044,79,Rainy,food stall,6,32,19,0,1
06-12-2024 06:47,3,49,119,0,16.12621106,45.92202565,91,Rainy,restroom,4,28,21,0,2
01-12-2024 03:14,3,101,119,0,21.37253717,60.75555793,137,Cloudy,parking spot,19,8,2,0,4
01-12-2024 10:34,3,272,53,1,24.64647348,40.52335065,144,Cloudy,parking spot,7,15,13,1,3
06-12-2024 18:52,2,37,24,0,21.8223317,70.93401765,150,Rainy,restroom,10,10,9,0,4
07-12-2024 16:31,1,94,115,0,28.21953301,77.85567869,72,Sunny,restroom,18,26,3,0,1
05-12-2024 06:44,3,250,42,1,16.07100232,40.25710947,64,Cloudy,food stall,5,46,45,1,4
04-12-2024 18:33,1,249,70,1,20.88240955,54.61124029,54,Sunny,food stall,14,21,7,1,3
05-12-2024 22:08,3,274,82,1,19.57212488,42.00946479,77,Sunny,food stall,11,35,31,1,1
05-12-2024 02:49,2,209,21,1,15.81091846,42.26866232,56,Rainy,restroom,4,27,25,1,1
06-12-2024 06:36,3,158,34,0,19.79442218,75.45497239,139,Rainy,food stall,9,32,2,0,4
06-12-2024 03:55,2,40,113,0,18.24343156,57.98362779,138,Cloudy,restroom,16,35,35,0,5
05-12-2024 15:11,1,165,34,0,23.30755386,44.85772589,131,Cloudy,restroom,14,20,17,0,5
02-12-2024 22:11,1,106,40,0,16.73595945,43.21025458,105,Rainy,parking spot,7,27,12,0,2
07-12-2024 04:23,3,201,73,1,27.38862527,72.8303294,122,Sunny,restroom,5,12,1,1,2
02-12-2024 17:54,3,41,79,0,20.3032331,41.75623925,90,Sunny,parking spot,15,37,19,0,5
06-12-2024 10:32,2,126,116,0,16.43845443,48.26917706,73,Rainy,restroom,19,19,9,0,4
03-12-2024 00:00,3,263,55,1,28.20737439,48.00797407,124,Rainy,parking spot,6,49,37,1,2
04-12-2024 11:39,2,271,70,1,23.17890846,56.41084732,122,Cloudy,restroom,14,46,41,1,2
01-12-2024 11:06,3,192,25,0,15.07400247,42.7075586,61,Cloudy,parking spot,10,44,14,0,4
02-12-2024 07:07,2,103,20,0,26.06550048,57.02200008,56,Sunny,parking spot,2,44,12,0,5
07-12-2024 09:31,3,258,42,1,23.92034499,72.31265926,103,Cloudy,parking spot,5,21,5,1,4
07-12-2024 02:22,1,211,96,1,28.5243664,62.7941979,86,Sunny,restroom,6,25,23,1,5
04-12-2024 07:57,2,207,69,1,26.65703705,60.46568564,82,Sunny,parking spot,18,38,26,1,2
03-12-2024 18:08,1,69,98,0,23.72193272,58.79815093,125,Rainy,food stall,10,40,24,0,5
06-12-2024 09:24,2,195,89,0,18.5767438,78.04364863,70,Sunny,food stall,14,26,1,0,1
06-12-2024 21:33,2,266,42,1,19.31887876,73.72230548,137,Rainy,food stall,7,11,9,1,3
01-12-2024 18:23,1,113,50,0,24.2864793,57.09292639,84,Sunny,food stall,16,39,18,0,4
03-12-2024 06:29,2,119,30,0,18.35766659,60.41754465,93,Rainy,restroom,6,28,11,0,5
05-12-2024 10:16,1,203,47,1,16.24402344,50.41348291,116,Rainy,food stall,10,7,3,1,2
07-12-2024 20:05,3,245,41,1,28.67504051,53.37905014,68,Rainy,restroom,19,12,6,1,1
01-12-2024 08:49,3,120,21,0,21.47554924,60.53375744,79,Sunny,restroom,9,18,6,0,4
06-12-2024 16:13,1,67,70,0,21.46131387,77.86710468,141,Cloudy,restroom,18,33,32,0,4
04-12-2024 17:22,3,241,19,1,18.27247106,67.74315508,99,Sunny,restroom,11,34,15,1,4
07-12-2024 04:56,3,137,79,0,21.59398813,45.73718234,96,Cloudy,food stall,17,34,23,0,5
07-12-2024 21:39,1,276,64,1,25.49504435,69.23650378,117,Cloudy,restroom,6,47,31,1,4
07-12-2024 19:03,1,104,37,0,18.49655372,74.13123721,122,Cloudy,restroom,18,27,10,0,2
03-12-2024 04:43,1,89,33,0,16.28962887,57.62636458,100,Sunny,parking spot,2,36,11,0,5
02-12-2024 17:23,3,43,33,0,17.86425237,73.66670042,134,Rainy,parking spot,17,8,5,0,5
05-12-2024 18:36,2,69,31,0,25.9984132,72.60352622,66,Rainy,restroom,6,33,1,0,1
04-12-2024 05:41,3,57,25,0,21.8508242,59.09975459,52,Cloudy,restroom,4,48,26,0,1
02-12-2024 08:16,2,289,61,1,21.39618718,65.20975565,123,Rainy,food stall,5,11,11,1,2
06-12-2024 15:37,1,201,71,1,21.92087446,54.36717984,57,Rainy,restroom,13,20,9,1,1
06-12-2024 21:14,3,127,51,0,20.77339788,66.2320232,74,Sunny,food stall,3,30,6,0,4
07-12-2024 03:30,1,156,92,0,25.9927229,40.65902377,148,Rainy,parking spot,4,41,2,0,1
04-12-2024 02:41,2,92,93,0,22.76633704,59.72956521,136,Rainy,restroom,7,41,15,0,3
03-12-2024 07:22,3,127,58,0,18.18453734,45.84148239,58,Cloudy,food stall,7,48,29,0,4
03-12-2024 12:11,1,276,49,1,19.58890189,63.70345581,106,Sunny,restroom,4,46,9,1,5
03-12-2024 00:28,2,253,47,1,20.59827805,48.09700592,131,Rainy,food stall,8,19,14,1,4
03-12-2024 09:02,3,136,45,0,21.54202584,64.8705077,141,Rainy,parking spot,5,17,7,0,4
06-12-2024 22:15,3,103,94,0,18.74556829,48.62440864,109,Rainy,restroom,13,38,32,0,4
04-12-2024 12:25,2,247,87,1,16.58513325,76.02572474,116,Sunny,restroom,17,15,13,1,3
06-12-2024 23:44,2,200,25,0,24.29228463,64.71576059,105,Cloudy,parking spot,12,7,6,0,2
01-12-2024 05:41,2,196,35,0,18.78888968,74.78811551,107,Cloudy,restroom,8,10,5,0,1
06-12-2024 03:12,2,115,77,0,24.53352956,44.68792368,69,Rainy,parking spot,7,17,15,0,1
06-12-2024 22:03,2,270,98,1,16.7314717,42.3894592,146,Cloudy,parking spot,4,32,7,1,3
01-12-2024 07:38,2,64,56,0,26.09929144,79.04769637,149,Sunny,parking spot,4,5,5,0,4
07-12-2024 09:17,1,222,49,1,23.19159039,54.02669501,126,Cloudy,food stall,18,27,2,1,4
04-12-2024 00:35,1,287,109,1,15.24175109,71.80819584,122,Rainy,parking spot,7,14,2,1,2
07-12-2024 05:25,2,284,113,1,16.94704434,65.53150946,68,Rainy,food stall,17,12,11,1,3
01-12-2024 03:29,2,291,81,1,22.90173208,48.73780447,50,Rainy,restroom,2,21,13,1,2
04-12-2024 08:53,2,176,47,0,22.58181402,55.74452726,101,Sunny,restroom,2,29,27,0,1
05-12-2024 06:52,2,108,102,0,20.61902959,66.56261963,119,Rainy,food stall,5,34,21,0,1
06-12-2024 03:15,3,71,93,0,22.76843926,55.54170988,74,Sunny,parking spot,14,30,11,0,3
05-12-2024 11:48,3,299,94,1,20.27276568,53.94611969,62,Rainy,food stall,18,15,9,1,2
01-12-2024 23:19,2,255,67,1,28.2768544,66.78329467,125,Cloudy,restroom,12,26,25,1,1
07-12-2024 11:13,3,155,106,0,15.82236178,60.25123914,59,Rainy,food stall,13,33,32,0,5
04-12-2024 14:24,2,257,21,1,25.82588866,62.89820415,74,Sunny,food stall,17,23,8,1,1
02-12-2024 18:39,3,50,28,0,25.46399639,57.1418384,76,Cloudy,restroom,7,40,19,0,3
04-12-2024 06:14,3,123,30,0,19.20391825,65.03488963,124,Cloudy,parking spot,2,18,10,0,2
07-12-2024 05:06,3,271,41,1,25.48504809,62.39151874,122,Rainy,food stall,12,23,2,1,3
07-12-2024 04:17,3,249,56,1,24.91241321,52.19686439,121,Sunny,parking spot,2,45,22,1,3
06-12-2024 08:32,1,265,15,1,21.4848674,65.42978786,67,Cloudy,restroom,7,11,4,1,4
02-12-2024 13:54,2,219,94,1,24.79699474,43.91277631,111,Cloudy,food stall,14,17,14,1,2
06-12-2024 12:07,1,227,47,1,20.82767836,74.77316342,145,Rainy,food stall,16,23,3,1,2
06-12-2024 06:51,3,273,117,1,16.04197648,53.27982915,69,Sunny,food stall,8,37,26,1,5
04-12-2024 03:59,1,298,94,1,29.0720028,78.86768073,70,Cloudy,parking spot,3,15,10,1,2
05-12-2024 20:30,3,123,36,0,25.50747896,79.91312706,122,Cloudy,restroom,10,39,25,0,5
06-12-2024 01:22,3,48,30,0,21.13764401,67.83203286,92,Rainy,restroom,7,49,1,0,5
02-12-2024 13:44,2,213,111,1,17.08639839,60.10218293,141,Rainy,food stall,4,35,23,1,4
05-12-2024 17:20,3,163,20,0,19.37005444,76.61575538,79,Rainy,food stall,4,15,9,0,3
01-12-2024 03:41,2,126,28,0,26.70082895,61.24108215,148,Rainy,food stall,8,42,29,0,5
06-12-2024 22:03,1,178,16,0,22.44267322,72.18615468,55,Sunny,food stall,11,5,2,0,4
06-12-2024 10:28,3,183,73,0,29.51967343,50.08960146,112,Sunny,food stall,12,50,7,0,2
03-12-2024 21:23,3,77,46,0,18.39989478,79.2129637,115,Cloudy,restroom,14,50,36,0,3
06-12-2024 11:22,3,219,88,1,19.78425447,47.83122163,76,Rainy,parking spot,6,6,1,1,5
02-12-2024 05:15,2,113,80,0,20.20970528,61.78214525,149,Cloudy,parking spot,19,46,2,0,1
04-12-2024 18:53,2,126,81,0,17.00594958,66.70756405,118,Sunny,parking spot,17,32,23,0,2
02-12-2024 12:20,1,174,82,0,28.28034122,52.58780938,138,Rainy,food stall,11,19,17,0,2
07-12-2024 10:17,1,148,25,0,21.20994688,63.02481458,65,Rainy,restroom,10,42,30,0,3
07-12-2024 13:55,2,86,53,0,17.02669872,40.23882966,66,Cloudy,food stall,9,11,6,0,4
03-12-2024 18:39,3,217,91,1,15.45369088,51.2175044,56,Rainy,food stall,4,47,12,1,2
03-12-2024 09:06,2,82,116,0,22.72565501,73.80704147,130,Cloudy,restroom,3,18,7,0,4
07-12-2024 21:45,1,147,107,0,17.00677024,54.65907396,120,Sunny,parking spot,7,10,4,0,4
03-12-2024 16:33,1,248,91,1,17.4352991,52.22043108,80,Sunny,parking spot,9,38,30,1,5
03-12-2024 20:04,3,112,75,0,22.88511618,69.25299263,140,Cloudy,restroom,6,44,6,0,3
04-12-2024 00:19,3,241,69,1,28.12188514,64.25176179,88,Rainy,food stall,5,27,14,1,3
06-12-2024 20:44,2,292,66,1,18.63073628,79.42687373,119,Rainy,food stall,9,11,5,1,2
03-12-2024 12:22,2,121,24,0,15.16025971,44.27964944,137,Cloudy,food stall,5,27,26,0,4
01-12-2024 09:00,2,203,72,1,21.04088429,57.97693268,120,Cloudy,restroom,9,22,9,1,2
01-12-2024 09:09,2,191,44,0,16.06282937,74.11837344,72,Rainy,food stall,18,13,13,0,4
05-12-2024 17:29,1,184,27,0,16.83543471,64.29539265,67,Sunny,parking spot,15,6,1,0,1
06-12-2024 04:51,2,192,103,0,15.39654663,40.2976966,65,Cloudy,parking spot,18,16,16,0,2
07-12-2024 08:19,3,235,79,1,28.05179445,47.35230769,141,Rainy,restroom,17,20,7,1,5
03-12-2024 00:14,1,206,61,1,24.64599369,60.68999167,120,Cloudy,parking spot,7,18,5,1,2
02-12-2024 03:06,3,219,107,1,24.1698621,78.73325775,82,Rainy,parking spot,6,24,14,1,2
04-12-2024 19:10,1,34,92,0,25.02187464,63.04030551,85,Rainy,restroom,3,50,39,0,5
07-12-2024 13:20,3,92,35,0,29.33742717,43.19523978,143,Sunny,food stall,14,21,19,0,2
07-12-2024 08:22,3,53,114,0,16.43553421,76.68419022,72,Sunny,food stall,11,46,11,0,5
01-12-2024 14:35,1,297,59,1,22.55910024,47.86386238,128,Rainy,restroom,7,37,14,1,3
02-12-2024 15:13,2,201,116,1,29.98495859,73.06672594,55,Sunny,parking spot,17,6,3,1,4
01-12-2024 05:45,3,255,46,1,18.89087217,49.11229812,124,Rainy,restroom,18,6,2,1,1
01-12-2024 10:14,2,235,76,1,20.8714121,64.99830674,82,Rainy,food stall,18,21,2,1,2
05-12-2024 12:50,3,46,85,0,21.67458,47.97214601,105,Sunny,food stall,11,20,17,0,1
03-12-2024 04:27,3,172,93,0,15.56429853,62.00205046,115,Sunny,restroom,14,35,2,0,3
05-12-2024 02:00,3,254,81,1,18.93242717,54.79508203,79,Sunny,food stall,17,50,43,1,5
01-12-2024 10:07,1,245,22,1,24.84586779,49.6754893,134,Sunny,parking spot,16,43,1,1,3
04-12-2024 21:08,2,277,37,1,20.75544469,59.74514802,122,Cloudy,restroom,16,34,26,1,5
02-12-2024 10:46,2,150,120,0,16.0843834,57.40764871,125,Sunny,restroom,5,24,12,0,1
05-12-2024 17:10,1,69,104,0,27.61681984,77.57622919,131,Sunny,parking spot,2,26,15,0,3
02-12-2024 01:16,2,232,60,1,23.5167511,53.14428362,134,Rainy,food stall,12,30,30,1,2
03-12-2024 13:09,3,291,82,1,24.92086092,50.37120189,67,Sunny,restroom,18,36,36,1,3
01-12-2024 00:00,1,71,17,0,24.21785135,59.67991687,118,Rainy,parking spot,16,13,10,0,1
07-12-2024 05:44,2,265,54,1,23.16458106,52.25274175,62,Rainy,food stall,16,22,8,1,3
02-12-2024 10:05,2,202,17,1,27.7003193,78.66479079,50,Cloudy,parking spot,10,38,12,1,3
05-12-2024 08:31,3,30,21,0,19.5196718,46.30494678,68,Cloudy,restroom,13,40,24,0,3
01-12-2024 19:57,1,277,87,1,23.25746975,48.57131891,127,Sunny,food stall,19,20,9,1,2
03-12-2024 00:47,1,207,37,1,20.222158,45.38860636,138,Sunny,food stall,9,25,4,1,5
03-12-2024 10:35,3,163,62,0,20.46810982,69.33318324,122,Sunny,parking spot,3,41,1,0,2
01-12-2024 15:18,1,266,62,1,21.91882512,60.26052228,98,Rainy,food stall,19,9,3,1,2
03-12-2024 03:39,3,242,110,1,27.04721284,57.8697278,120,Rainy,parking spot,13,11,6,1,2
06-12-2024 04:29,2,178,37,0,23.49044625,60.24427624,112,Rainy,food stall,18,24,24,0,2
01-12-2024 03:27,2,46,90,0,27.16352236,56.70829987,144,Cloudy,parking spot,16,13,3,0,5
06-12-2024 21:14,3,144,33,0,15.85158158,74.4485168,115,Sunny,restroom,8,11,4,0,1
01-12-2024 06:23,3,30,105,0,28.92044585,59.85888986,90,Sunny,food stall,13,24,3,0,2
04-12-2024 21:33,2,138,104,0,18.84636417,79.54017963,65,Sunny,restroom,17,37,29,0,4
01-12-2024 11:45,3,90,34,0,15.57990347,66.14891266,59,Rainy,food stall,2,49,48,0,5
04-12-2024 03:32,3,270,23,1,16.67868787,59.37632535,63,Cloudy,food stall,2,23,15,1,4
04-12-2024 08:31,2,241,53,1,25.97449403,46.08265802,101,Rainy,restroom,6,30,11,1,2
07-12-2024 19:32,3,58,45,0,26.61427676,74.66587684,51,Rainy,food stall,13,32,8,0,1
01-12-2024 10:15,3,285,115,1,28.88865092,44.12588163,93,Rainy,parking spot,17,22,12,1,2
04-12-2024 16:26,3,256,15,1,22.09048836,40.79963425,121,Rainy,restroom,12,14,14,1,1
05-12-2024 05:03,1,51,43,0,22.78636946,43.73328759,114,Cloudy,restroom,10,23,15,0,4
02-12-2024 10:15,1,191,75,0,21.53207008,73.2929126,54,Sunny,parking spot,2,50,21,0,5
04-12-2024 01:58,2,97,29,0,24.15392212,42.59592118,80,Sunny,food stall,4,7,5,0,1
03-12-2024 23:58,3,200,17,0,15.63690379,45.38891714,148,Rainy,restroom,12,17,12,0,4
06-12-2024 09:40,1,101,98,0,17.47805568,46.39998984,116,Cloudy,food stall,15,5,3,0,4
02-12-2024 13:20,2,61,81,0,17.07566452,59.09196791,85,Sunny,restroom,11,31,17,0,5
03-12-2024 23:48,2,236,25,1,28.86312166,77.80518716,101,Rainy,parking spot,9,49,27,1,1
05-12-2024 13:21,2,119,109,0,23.88813642,59.09455613,65,Sunny,parking spot,7,13,9,0,3
01-12-2024 08:10,2,172,96,0,16.81350235,46.63418442,95,Cloudy,food stall,14,30,15,0,2
04-12-2024 15:18,1,44,37,0,22.24277148,53.98118571,69,Sunny,food stall,19,50,14,0,4
01-12-2024 14:08,3,260,28,1,27.82048405,54.77801431,130,Rainy,food stall,11,43,24,1,2
06-12-2024 03:46,2,241,88,1,21.42856799,54.82029058,111,Rainy,parking spot,17,50,1,1,5
06-12-2024 16:15,1,35,44,0,23.74921432,65.74351082,80,Sunny,parking spot,9,25,25,0,3
07-12-2024 13:57,2,183,17,0,17.96730725,77.79999234,119,Sunny,restroom,14,12,4,0,2
01-12-2024 14:45,2,288,87,1,16.18350167,77.88485876,150,Sunny,restroom,9,29,3,1,3
02-12-2024 06:12,3,136,28,0,23.02435189,50.34641214,107,Rainy,parking spot,17,50,0,0,4
03-12-2024 16:54,3,51,19,0,26.61129718,74.80730949,59,Sunny,parking spot,5,40,21,0,1
05-12-2024 07:46,2,99,67,0,20.76204628,65.69115815,104,Sunny,parking spot,15,49,38,0,4
07-12-2024 09:10,1,88,81,0,27.27297287,62.96909392,81,Rainy,restroom,15,45,25,0,2
04-12-2024 09:53,1,295,49,1,26.99933265,53.03138176,148,Sunny,parking spot,5,36,25,1,3
01-12-2024 18:52,3,205,69,1,17.59478554,46.93841499,104,Sunny,parking spot,14,25,20,1,3
04-12-2024 18:29,3,238,21,1,21.31028188,70.83882328,60,Rainy,restroom,5,15,3,1,3
07-12-2024 19:30,3,161,18,0,24.86491676,70.32812817,55,Sunny,food stall,15,9,2,0,2
03-12-2024 17:13,3,294,15,1,18.95934727,61.53749862,71,Cloudy,food stall,10,12,5,1,3
02-12-2024 00:25,1,49,32,0,26.56221399,69.17185749,132,Cloudy,food stall,4,9,5,0,4
05-12-2024 15:04,2,259,78,1,19.37547303,72.68989839,80,Rainy,restroom,17,39,36,1,1
06-12-2024 03:01,3,185,88,0,28.46063369,59.35112409,103,Cloudy,food stall,10,20,14,0,2
07-12-2024 16:58,1,172,69,0,18.50860385,63.96459256,85,Cloudy,food stall,18,22,20,0,4
02-12-2024 16:11,3,180,78,0,15.56870898,57.88230477,129,Sunny,restroom,19,40,11,0,3
05-12-2024 08:54,1,153,108,0,23.74823405,41.34354879,128,Cloudy,restroom,16,41,13,0,4
02-12-2024 23:00,3,175,113,0,29.22205842,65.67513585,120,Sunny,restroom,6,27,2,0,1
03-12-2024 05:53,3,276,69,1,15.05243904,53.90870804,52,Sunny,parking spot,11,34,34,1,4
05-12-2024 08:21,2,62,47,0,29.95334398,48.02061587,81,Cloudy,restroom,14,21,17,0,4
02-12-2024 17:55,1,294,42,1,27.88409097,64.6446027,76,Cloudy,restroom,8,24,3,1,2
02-12-2024 10:29,1,105,81,0,18.73764889,40.37429234,139,Rainy,parking spot,2,46,11,0,2
01-12-2024 11:49,1,163,27,0,22.77864358,40.333692,148,Cloudy,food stall,17,34,13,0,2
04-12-2024 20:59,1,262,15,1,16.80403377,53.86235547,62,Sunny,restroom,10,26,23,1,2
04-12-2024 09:04,1,161,83,0,28.93973893,66.55237398,72,Sunny,food stall,16,17,16,0,3
07-12-2024 23:24,1,255,59,1,25.35079944,76.55148565,97,Sunny,food stall,7,5,0,1,5
04-12-2024 19:56,3,257,63,1,16.6464121,49.85558946,146,Sunny,parking spot,13,18,14,1,4
05-12-2024 02:59,3,79,72,0,19.872223,47.4867545,120,Cloudy,food stall,13,40,34,0,3
05-12-2024 10:35,1,270,39,1,29.01170913,66.0211383,105,Sunny,restroom,15,34,17,1,1
02-12-2024 16:53,3,271,64,1,22.33786505,54.59278687,59,Rainy,food stall,8,8,1,1,5
07-12-2024 13:41,1,149,89,0,18.46087792,47.10181201,150,Sunny,parking spot,3,47,15,0,2
05-12-2024 13:43,3,33,66,0,23.69372467,53.68865945,126,Rainy,parking spot,8,37,15,0,3
05-12-2024 18:12,2,100,16,0,20.83469405,74.74102857,125,Cloudy,restroom,16,32,19,0,2
06-12-2024 16:26,2,41,115,0,22.93913848,59.35979648,126,Sunny,food stall,2,18,13,0,5
07-12-2024 01:46,1,215,26,1,20.53006148,44.81793154,139,Sunny,restroom,10,11,9,1,2
06-12-2024 09:50,3,271,55,1,19.97554532,77.57863987,52,Rainy,restroom,5,32,25,1,5
02-12-2024 20:21,3,271,26,1,21.92548733,63.9046915,57,Sunny,parking spot,14,29,9,1,5
07-12-2024 20:16,2,140,86,0,24.39228752,72.1669968,133,Sunny,restroom,19,17,9,0,1
02-12-2024 19:24,1,294,69,1,26.16219717,71.72870375,135,Cloudy,parking spot,18,5,4,1,1
07-12-2024 10:30,3,62,95,0,17.11793291,59.90958645,76,Sunny,parking spot,3,11,8,0,5
03-12-2024 07:05,2,252,68,1,25.93007372,42.94032501,123,Cloudy,parking spot,13,47,38,1,5
04-12-2024 08:28,1,77,65,0,27.23171098,74.9594964,125,Rainy,food stall,7,32,22,0,4
04-12-2024 06:51,2,47,33,0,23.67959205,52.13076751,144,Rainy,restroom,7,14,7,0,2
04-12-2024 23:21,2,101,67,0,19.47299724,46.11975261,71,Cloudy,parking spot,15,25,16,0,5
05-12-2024 09:27,2,263,40,1,18.09881183,55.82974009,123,Rainy,food stall,16,30,4,1,4
01-12-2024 11:14,1,176,35,0,27.94042004,54.69483382,62,Rainy,parking spot,10,8,3,0,3
02-12-2024 23:50,1,197,93,0,22.08459236,45.34441335,139,Rainy,food stall,2,28,2,0,5
04-12-2024 01:58,3,39,87,0,17.26950858,74.44379019,69,Sunny,restroom,12,16,8,0,3
06-12-2024 03:59,3,170,20,0,23.54851574,56.90021339,119,Sunny,parking spot,13,46,35,0,3
02-12-2024 22:08,2,68,36,0,21.90527141,58.81570597,121,Cloudy,restroom,13,38,27,0,4
03-12-2024 01:23,2,244,63,1,23.07563885,78.97057244,93,Sunny,restroom,4,42,25,1,5
05-12-2024 21:46,3,264,113,1,20.39869666,40.14583783,142,Sunny,food stall,14,21,3,1,2
05-12-2024 08:29,1,291,70,1,29.76183745,60.70792005,82,Sunny,food stall,19,49,20,1,3
07-12-2024 10:21,3,209,66,1,25.44937234,52.16822475,101,Cloudy,parking spot,13,15,1,1,5
02-12-2024 17:12,1,127,49,0,22.72206201,65.61411851,100,Sunny,restroom,3,9,6,0,5
03-12-2024 08:25,2,36,37,0,20.51473693,64.99403637,116,Sunny,restroom,6,8,4,0,3
05-12-2024 15:37,3,89,77,0,20.66887905,53.66774729,61,Sunny,restroom,14,48,42,0,1
01-12-2024 19:47,2,92,96,0,24.10128511,61.69470551,142,Sunny,restroom,3,6,2,0,2
04-12-2024 21:32,1,52,20,0,17.05531647,54.43416645,138,Cloudy,food stall,13,48,42,0,2
05-12-2024 17:51,3,261,31,1,27.06215551,77.34111288,59,Sunny,food stall,18,13,4,1,1
05-12-2024 19:14,2,107,15,0,25.38631202,48.611487,102,Rainy,parking spot,4,12,1,0,2
03-12-2024 00:49,1,268,75,1,22.33746173,41.45176957,106,Sunny,food stall,15,46,30,1,5
03-12-2024 04:39,1,76,102,0,16.5820745,55.53518491,94,Cloudy,parking spot,7,38,4,0,2
07-12-2024 21:12,3,130,67,0,16.08963626,52.51944145,72,Rainy,food stall,9,43,3,0,3
07-12-2024 14:52,2,97,101,0,18.67974478,76.32858545,133,Sunny,parking spot,16,28,18,0,2
07-12-2024 08:02,3,79,106,0,15.32894009,64.15873109,62,Cloudy,restroom,7,7,0,0,4
01-12-2024 05:17,2,203,36,1,28.87051794,46.51081758,114,Sunny,parking spot,6,48,27,1,5
05-12-2024 01:43,1,217,92,1,23.72360171,54.73857176,61,Sunny,restroom,6,35,20,1,2
06-12-2024 03:44,3,87,110,0,17.83253586,79.09488911,125,Sunny,parking spot,18,6,6,0,1
03-12-2024 08:19,3,187,16,0,16.83347378,74.97777254,80,Rainy,restroom,11,14,4,0,1
03-12-2024 09:34,1,74,115,0,19.69455598,69.75984727,55,Cloudy,food stall,11,30,12,0,1
03-12-2024 16:14,3,270,87,1,21.81822459,79.83561229,109,Cloudy,parking spot,2,44,20,1,5
04-12-2024 15:42,1,266,18,1,27.87756146,75.03445226,81,Cloudy,parking spot,18,47,23,1,1
07-12-2024 03:44,3,96,55,0,28.54922505,41.56496827,109,Sunny,parking spot,15,38,10,0,2
05-12-2024 01:44,3,234,113,1,28.50341722,44.6095546,142,Cloudy,restroom,9,33,30,1,3
07-12-2024 19:59,1,216,96,1,18.47392117,75.72181495,73,Sunny,parking spot,13,26,7,1,3
06-12-2024 14:27,3,60,76,0,20.17845878,41.79916142,98,Cloudy,restroom,12,33,3,0,3
02-12-2024 13:35,1,276,106,1,26.05898028,61.0741511,110,Sunny,food stall,5,8,4,1,4
01-12-2024 06:00,3,146,116,0,26.4194203,61.71203811,74,Sunny,food stall,7,29,7,0,5
01-12-2024 10:06,3,184,103,0,18.41082241,52.89303993,135,Sunny,parking spot,4,30,25,0,3
05-12-2024 18:22,1,236,71,1,19.81468525,59.298759,78,Rainy,food stall,3,32,18,1,1
02-12-2024 14:43,2,76,51,0,26.29120616,54.25776966,76,Rainy,food stall,19,45,30,0,4
07-12-2024 23:41,3,39,89,0,23.89345837,54.38867414,71,Cloudy,parking spot,17,42,11,0,4
03-12-2024 11:20,3,243,100,1,28.57996962,55.35054273,140,Sunny,parking spot,11,26,1,1,2
05-12-2024 22:09,3,210,52,1,22.1457629,60.26750952,53,Cloudy,parking spot,3,41,11,1,3
06-12-2024 13:30,2,102,68,0,19.35595214,51.55582368,141,Cloudy,restroom,19,25,20,0,4
06-12-2024 14:05,2,190,76,0,25.02393425,59.83743895,133,Rainy,food stall,10,22,10,0,4
06-12-2024 21:58,1,168,52,0,22.99093016,72.65740942,134,Sunny,parking spot,7,36,29,0,1
04-12-2024 19:54,3,61,84,0,21.9341486,59.41290849,90,Cloudy,parking spot,9,31,12,0,2
06-12-2024 18:59,3,59,82,0,18.4785822,53.81905967,107,Sunny,parking spot,5,11,3,0,4
01-12-2024 17:59,1,110,67,0,16.58408013,54.83800352,67,Rainy,parking spot,9,32,19,0,2
05-12-2024 04:44,2,224,52,1,24.44352255,55.00187388,94,Rainy,food stall,7,29,2,1,4
04-12-2024 10:03,3,241,120,1,21.10127953,50.16096579,68,Cloudy,restroom,11,44,14,1,4
02-12-2024 13:17,2,182,49,0,18.74039751,63.12059047,64,Cloudy,restroom,15,20,16,0,4
06-12-2024 21:07,3,174,16,0,20.67739397,60.89383516,126,Cloudy,parking spot,15,30,13,0,1
02-12-2024 00:46,2,150,37,0,15.4454437,58.61540128,108,Sunny,food stall,15,47,9,0,4
02-12-2024 15:09,1,215,107,1,25.10137955,67.25138583,101,Cloudy,parking spot,14,37,30,1,4
03-12-2024 21:42,3,169,67,0,19.77983128,60.34796644,81,Cloudy,restroom,5,43,30,0,1
04-12-2024 14:57,3,42,45,0,16.71339827,75.87622706,109,Cloudy,parking spot,4,8,1,0,5
07-12-2024 08:35,3,266,18,1,15.20480768,61.46332119,112,Sunny,food stall,13,37,21,1,5
03-12-2024 14:14,1,98,74,0,23.72889863,62.43392546,57,Rainy,restroom,13,13,5,0,1
05-12-2024 04:15,2,144,89,0,20.80573331,72.29089404,53,Cloudy,food stall,9,50,10,0,2
06-12-2024 01:57,3,148,46,0,24.64121631,61.51142623,126,Rainy,restroom,18,21,15,0,2
06-12-2024 05:53,3,222,72,1,28.18577364,74.09352247,110,Sunny,food stall,4,30,5,1,5
07-12-2024 06:47,2,69,58,0,17.16712515,65.28467908,55,Rainy,restroom,6,16,10,0,2
06-12-2024 19:56,2,202,46,1,20.24934255,40.62812102,56,Rainy,food stall,6,13,3,1,1
05-12-2024 01:12,1,284,83,1,23.84776302,56.73171291,91,Cloudy,parking spot,12,10,8,1,3
07-12-2024 02:11,1,91,54,0,22.12650379,56.82484347,62,Cloudy,restroom,15,11,11,0,4
07-12-2024 17:39,1,262,25,1,25.72056804,68.5797523,62,Sunny,restroom,2,12,7,1,1
01-12-2024 00:51,1,138,19,0,15.08882517,47.97300612,83,Rainy,restroom,8,30,6,0,5
01-12-2024 04:51,3,294,59,1,15.49518577,51.01284192,101,Rainy,restroom,7,33,0,1,4
06-12-2024 13:16,1,53,112,0,21.18899722,43.0094766,135,Sunny,restroom,3,39,0,0,1
05-12-2024 23:14,2,41,45,0,24.31583679,62.76259235,129,Cloudy,restroom,14,11,9,0,2
01-12-2024 05:42,2,233,54,1,23.32281239,76.6507117,131,Cloudy,parking spot,16,32,2,1,1
03-12-2024 20:45,3,251,23,1,22.93243527,54.01078299,93,Sunny,restroom,13,19,10,1,2
03-12-2024 03:35,1,280,49,1,19.68241345,70.98194023,148,Rainy,parking spot,3,24,2,1,5
05-12-2024 19:21,2,265,104,1,16.36737155,62.92115022,104,Cloudy,restroom,3,38,33,1,1
02-12-2024 18:28,1,237,99,1,16.266234,77.03035102,123,Cloudy,food stall,15,12,5,1,1
03-12-2024 20:00,2,70,68,0,20.1622516,73.33233387,116,Rainy,restroom,11,37,13,0,1
06-12-2024 02:00,2,141,107,0,15.84149254,73.31094389,77,Cloudy,food stall,2,44,33,0,4
07-12-2024 20:08,3,269,104,1,19.31090116,67.29909587,109,Cloudy,food stall,8,24,14,1,1
07-12-2024 20:17,3,213,98,1,17.20645197,47.35721443,145,Cloudy,food stall,11,35,15,1,1
01-12-2024 02:34,2,114,22,0,20.34276714,78.17778173,55,Rainy,food stall,17,31,25,0,2
04-12-2024 02:49,1,189,43,0,22.27885514,52.54407947,68,Sunny,food stall,13,14,8,0,4
06-12-2024 06:07,1,245,107,1,23.01453273,42.49669947,131,Sunny,restroom,14,33,31,1,3
05-12-2024 23:37,1,255,28,1,17.9257158,69.23660218,61,Cloudy,food stall,13,32,0,1,4
06-12-2024 18:05,3,182,79,0,15.75897901,59.82065617,61,Rainy,food stall,15,11,1,0,5
01-12-2024 10:03,1,154,92,0,16.08583771,58.53664882,74,Sunny,parking spot,13,6,3,0,1
07-12-2024 00:17,1,296,44,1,20.87984022,74.11771202,63,Rainy,parking spot,16,21,15,1,2
04-12-2024 07:08,1,53,115,0,27.31478397,59.65790968,134,Cloudy,food stall,7,45,1,0,4
04-12-2024 11:37,2,194,105,0,28.37740111,65.24548076,93,Sunny,restroom,19,18,8,0,2
05-12-2024 13:02,3,109,82,0,17.48008481,59.27206812,53,Cloudy,restroom,10,39,20,0,1
06-12-2024 02:05,1,155,26,0,24.08929902,46.06243088,148,Rainy,restroom,2,46,8,0,4
03-12-2024 08:50,1,261,62,1,18.57007003,43.57443391,96,Rainy,food stall,8,33,8,1,1
04-12-2024 03:24,1,62,112,0,23.44221244,59.4108055,58,Cloudy,restroom,6,17,6,0,1
02-12-2024 09:50,1,231,97,1,15.89237352,71.18944945,53,Cloudy,restroom,6,20,13,1,1
01-12-2024 04:56,1,150,106,0,15.56181304,65.03648716,83,Rainy,food stall,10,50,34,0,1
06-12-2024 10:59,1,170,63,0,26.65806848,42.38450327,125,Sunny,parking spot,6,30,5,0,2
03-12-2024 00:09,3,165,97,0,24.19189768,68.47548991,66,Sunny,restroom,19,10,0,0,2
05-12-2024 05:26,3,294,19,1,23.61804549,73.66631339,145,Rainy,parking spot,19,9,1,1,4
01-12-2024 14:41,1,233,78,1,29.83784724,73.82587416,70,Cloudy,food stall,12,18,9,1,2
01-12-2024 20:39,2,46,26,0,22.15154482,64.86026887,129,Sunny,restroom,10,17,16,0,2
04-12-2024 19:11,1,184,46,0,21.4732942,75.4079958,112,Cloudy,restroom,19,29,14,0,1
04-12-2024 14:17,1,249,81,1,28.78784769,77.72993244,83,Rainy,food stall,10,5,0,1,4
01-12-2024 01:58,2,221,37,1,27.7122712,76.63536652,72,Sunny,restroom,17,11,10,1,2
04-12-2024 15:40,2,240,100,1,28.01161767,62.77419882,68,Cloudy,food stall,16,26,15,1,3
01-12-2024 20:23,2,172,55,0,25.28543809,40.00021368,76,Rainy,parking spot,10,5,1,0,2
04-12-2024 19:38,1,126,107,0,21.2360219,65.43553493,61,Sunny,parking spot,6,16,11,0,2
04-12-2024 11:28,2,141,31,0,29.72879124,48.66037548,127,Rainy,food stall,13,11,11,0,5
06-12-2024 13:12,1,250,97,1,16.72634472,46.70895849,67,Sunny,restroom,7,41,23,1,1
05-12-2024 21:28,1,122,49,0,21.12239288,49.04778001,112,Cloudy,food stall,7,37,5,0,2
06-12-2024 15:17,3,45,111,0,26.79544063,40.66150168,148,Cloudy,food stall,17,15,8,0,2
06-12-2024 08:44,1,244,37,1,16.5565697,75.3130642,78,Cloudy,restroom,12,22,19,1,5
01-12-2024 15:14,3,205,15,1,16.8227098,73.12330178,84,Cloudy,food stall,6,30,21,1,3
01-12-2024 13:03,2,107,24,0,19.29450887,40.37867475,125,Rainy,parking spot,13,6,5,0,2
07-12-2024 09:07,2,199,119,0,18.74367679,62.79808947,115,Sunny,restroom,15,14,10,0,5
04-12-2024 05:27,2,93,110,0,29.86227223,74.41989255,87,Rainy,food stall,16,36,3,0,5
01-12-2024 23:40,2,249,114,1,25.21439294,44.87832934,120,Rainy,food stall,13,34,34,1,5
01-12-2024 09:39,3,110,44,0,29.39739407,48.71493083,66,Sunny,restroom,6,30,12,0,3
06-12-2024 08:05,2,175,87,0,28.5646413,48.46203067,84,Rainy,food stall,13,24,4,0,5
06-12-2024 05:27,1,125,88,0,19.84678259,76.57163903,86,Rainy,restroom,13,29,22,0,4
03-12-2024 07:50,3,35,58,0,20.81796531,48.72956707,105,Cloudy,food stall,14,24,18,0,3
04-12-2024 01:42,2,169,40,0,29.73297136,72.66797489,65,Rainy,restroom,9,14,0,0,3
07-12-2024 19:19,2,222,97,1,18.08914841,63.86870744,52,Sunny,restroom,7,29,3,1,2
02-12-2024 15:13,1,296,62,1,24.71472129,48.22169851,120,Cloudy,parking spot,13,36,22,1,2
07-12-2024 14:38,1,64,75,0,24.14763036,70.87818916,80,Rainy,restroom,3,41,22,0,1
01-12-2024 03:26,1,39,16,0,24.21661842,73.09262121,125,Rainy,restroom,9,31,17,0,3
07-12-2024 14:54,3,43,89,0,17.88622342,76.68901293,129,Rainy,restroom,11,19,10,0,5
04-12-2024 17:44,3,181,70,0,18.01406391,64.19208802,131,Rainy,restroom,2,30,24,0,3
04-12-2024 05:45,3,102,96,0,18.00275314,60.73250688,65,Cloudy,restroom,14,30,10,0,3
06-12-2024 03:04,1,292,71,1,22.3175771,65.32954293,130,Rainy,parking spot,17,16,4,1,4
07-12-2024 12:56,3,66,54,0,19.86319105,79.42375827,92,Cloudy,food stall,10,38,26,0,3
03-12-2024 12:47,2,235,35,1,24.12277823,67.74923673,68,Sunny,food stall,11,30,22,1,5
01-12-2024 05:14,3,172,52,0,27.69473557,59.27412339,109,Cloudy,restroom,15,16,9,0,3
01-12-2024 03:03,1,76,52,0,25.64531139,66.03334461,76,Cloudy,parking spot,19,14,1,0,4
06-12-2024 06:09,1,262,78,1,17.76892694,41.42747085,76,Rainy,food stall,18,16,12,1,5
05-12-2024 04:51,2,263,74,1,29.72637066,69.39280041,56,Sunny,food stall,4,42,0,1,4
05-12-2024 06:04,3,120,16,0,18.4904454,61.51178199,61,Cloudy,restroom,15,43,19,0,3
04-12-2024 13:14,1,61,91,0,25.19497735,64.48465189,117,Cloudy,restroom,6,39,38,0,5
05-12-2024 04:23,3,290,59,1,22.45882822,72.15796168,143,Rainy,food stall,9,8,6,1,1
01-12-2024 03:07,2,112,107,0,16.25796379,65.09623424,87,Rainy,restroom,12,12,12,0,1
04-12-2024 09:34,3,234,68,1,22.51712626,52.00814617,150,Cloudy,food stall,9,39,23,1,4
01-12-2024 04:24,3,264,40,1,27.16200108,55.72361204,57,Rainy,parking spot,9,42,8,1,1
01-12-2024 12:05,2,243,109,1,18.04635577,58.81499016,52,Sunny,restroom,8,34,20,1,2
06-12-2024 07:59,1,53,73,0,25.54291331,44.93209587,110,Cloudy,parking spot,18,35,33,0,3
03-12-2024 19:12,2,263,114,1,25.45970128,77.86266848,130,Rainy,food stall,12,40,3,1,4
07-12-2024 23:32,1,90,41,0,20.69048073,75.37617883,118,Sunny,restroom,15,29,17,0,5
07-12-2024 08:21,3,194,74,0,20.06176907,79.25555605,129,Rainy,food stall,5,30,6,0,3
04-12-2024 05:54,2,132,36,0,25.33805764,60.72265216,75,Sunny,restroom,9,19,16,0,4
05-12-2024 14:36,2,296,82,1,24.5642054,75.12954555,143,Cloudy,parking spot,16,8,4,1,4
02-12-2024 17:12,2,178,49,0,19.76632414,61.38515318,122,Cloudy,restroom,10,40,26,0,1
05-12-2024 06:32,3,252,108,1,23.98106232,64.18239995,132,Sunny,parking spot,10,7,2,1,1
01-12-2024 00:00,1,57,115,0,16.28148748,45.76411853,126,Sunny,restroom,14,35,24,0,5
06-12-2024 12:47,1,298,72,1,17.26332013,67.82131772,52,Rainy,parking spot,9,12,5,1,3
02-12-2024 14:29,3,126,57,0,29.38582355,50.07601111,128,Rainy,restroom,15,24,17,0,1
05-12-2024 20:13,3,96,29,0,24.04199713,59.36321533,102,Sunny,parking spot,13,46,26,0,3
07-12-2024 02:40,2,144,51,0,21.34699211,49.55091722,128,Sunny,food stall,8,9,8,0,5
05-12-2024 06:52,1,155,85,0,28.24511558,51.13973028,104,Sunny,food stall,7,17,8,0,2
02-12-2024 02:35,3,47,120,0,24.34227078,74.13350603,51,Rainy,parking spot,9,44,6,0,5
05-12-2024 19:27,2,233,103,1,29.09369797,50.64479267,96,Cloudy,parking spot,7,15,12,1,1
01-12-2024 14:53,3,44,35,0,19.43460946,43.69041728,103,Sunny,parking spot,11,17,15,0,4
04-12-2024 10:01,2,279,50,1,27.82944256,65.37647739,122,Cloudy,parking spot,15,28,3,1,4
05-12-2024 23:08,1,265,84,1,27.86187178,57.7404915,111,Sunny,restroom,16,28,10,1,5
04-12-2024 06:43,1,232,105,1,16.72302995,75.97304567,89,Rainy,food stall,2,36,15,1,4
01-12-2024 13:13,1,161,16,0,25.68235597,62.50380317,62,Rainy,food stall,5,37,29,0,4
03-12-2024 03:48,2,116,96,0,24.55434891,52.23251274,90,Cloudy,food stall,7,23,0,0,5
03-12-2024 02:07,2,271,22,1,17.41647733,60.70475522,116,Rainy,restroom,4,12,5,1,3
06-12-2024 22:52,3,230,58,1,15.33159531,48.8119667,93,Cloudy,parking spot,12,48,12,1,2
06-12-2024 01:25,3,146,115,0,26.54016173,62.13263759,142,Cloudy,food stall,9,50,31,0,2
01-12-2024 11:15,3,59,19,0,28.79766258,68.95704221,67,Sunny,food stall,3,23,4,0,1
06-12-2024 07:41,1,188,116,0,18.39923361,71.66508728,110,Rainy,restroom,18,44,23,0,5
03-12-2024 11:08,1,87,92,0,22.78556144,71.71598934,136,Cloudy,restroom,10,15,1,0,3
04-12-2024 06:23,1,197,34,0,16.36374301,73.39912923,148,Cloudy,parking spot,19,8,3,0,3
02-12-2024 09:26,1,145,19,0,27.74699757,62.18990656,76,Sunny,restroom,8,14,3,0,1
03-12-2024 19:04,2,299,45,1,22.1009849,62.43960771,101,Cloudy,parking spot,10,30,15,1,5
05-12-2024 20:23,3,77,49,0,25.81197631,55.40698182,138,Sunny,restroom,15,15,6,0,5
07-12-2024 10:47,3,82,115,0,23.50200537,44.39150771,138,Cloudy,parking spot,3,47,24,0,1
06-12-2024 11:56,3,134,73,0,25.19064725,44.57692515,54,Cloudy,parking spot,11,49,47,0,5
01-12-2024 06:23,2,265,78,1,17.5732641,69.53573433,78,Sunny,restroom,13,6,3,1,4
07-12-2024 04:58,2,35,46,0,15.98630953,55.38814885,89,Sunny,restroom,6,19,13,0,3
05-12-2024 08:15,1,173,79,0,22.47159616,55.47485289,75,Cloudy,restroom,7,32,15,0,3
05-12-2024 22:12,1,254,21,1,23.93980173,58.34491054,137,Rainy,parking spot,7,39,11,1,5
06-12-2024 02:07,2,56,119,0,15.04000641,42.38660962,129,Sunny,restroom,10,36,26,0,3
03-12-2024 16:44,3,295,37,1,26.48147938,43.28289546,108,Cloudy,parking spot,13,5,1,1,4
07-12-2024 10:21,2,92,33,0,22.72507807,57.89813892,94,Rainy,parking spot,7,49,42,0,3
07-12-2024 05:26,3,261,112,1,19.78734252,42.03165227,82,Cloudy,restroom,18,32,4,1,4
06-12-2024 00:48,2,102,83,0,19.36633538,76.08630909,149,Cloudy,parking spot,3,19,6,0,2
06-12-2024 01:36,2,98,110,0,15.18239513,56.32674384,98,Sunny,parking spot,5,31,31,0,1
07-12-2024 15:21,2,166,25,0,26.49346032,72.0824756,60,Rainy,restroom,19,43,21,0,4
05-12-2024 17:25,3,108,87,0,24.36689209,79.66019823,91,Rainy,parking spot,8,9,0,0,2
06-12-2024 15:00,1,295,77,1,21.24346541,64.33607606,65,Rainy,parking spot,13,48,41,1,5
03-12-2024 07:30,2,254,46,1,27.015862,50.45210122,55,Sunny,restroom,15,24,20,1,4
06-12-2024 21:38,3,178,32,0,20.77399058,65.4385346,93,Cloudy,parking spot,16,50,11,0,3
05-12-2024 13:43,1,150,67,0,18.81092851,48.64172977,140,Rainy,food stall,11,7,4,0,2
02-12-2024 13:27,3,242,65,1,16.08006766,51.3693342,93,Rainy,parking spot,6,7,5,1,4
02-12-2024 18:33,3,142,40,0,25.48205032,67.02632372,129,Rainy,parking spot,5,48,8,0,1
05-12-2024 17:22,2,245,106,1,24.78791083,61.71790118,65,Sunny,parking spot,6,12,4,1,5
01-12-2024 09:23,3,78,75,0,17.59492559,72.7627197,100,Cloudy,food stall,16,20,20,0,2
05-12-2024 19:08,3,118,108,0,27.40016118,60.38558155,133,Rainy,restroom,10,6,4,0,3
02-12-2024 02:27,2,120,25,0,25.3318603,54.61600249,103,Cloudy,restroom,14,6,1,0,5
07-12-2024 00:36,2,45,87,0,22.9545099,69.20291486,138,Rainy,food stall,12,39,0,0,3
07-12-2024 17:13,3,77,70,0,24.9510107,59.83408964,149,Sunny,restroom,6,5,1,0,5
06-12-2024 22:12,1,173,51,0,15.08488674,76.0017682,103,Cloudy,parking spot,18,26,0,0,1
04-12-2024 14:13,2,292,49,1,22.51070243,55.35291767,123,Cloudy,parking spot,2,47,36,1,4
04-12-2024 19:23,3,81,27,0,26.22629077,56.45251323,72,Sunny,restroom,14,50,29,0,4
06-12-2024 08:35,3,214,94,1,17.87506754,55.61193692,72,Cloudy,parking spot,17,13,4,1,5
05-12-2024 23:22,3,189,82,0,28.27230667,59.58324972,116,Rainy,parking spot,16,22,14,0,1
05-12-2024 19:57,1,250,106,1,27.61792283,59.60008657,79,Rainy,restroom,10,42,39,1,4
05-12-2024 16:06,2,93,74,0,27.34504947,43.35410418,137,Sunny,parking spot,4,29,28,0,1
05-12-2024 05:53,1,219,16,1,21.80658547,78.05608528,149,Rainy,parking spot,10,30,10,1,2
02-12-2024 00:57,1,230,87,1,21.38273087,56.91109215,56,Sunny,parking spot,17,42,36,1,5
03-12-2024 04:56,2,40,93,0,19.63189535,77.79406435,133,Rainy,parking spot,15,36,15,0,1
06-12-2024 16:20,1,235,64,1,22.31809403,73.19629609,83,Rainy,food stall,8,41,11,1,3
06-12-2024 12:19,2,214,94,1,20.17867889,52.06131979,139,Rainy,food stall,6,24,0,1,5
02-12-2024 20:51,1,252,111,1,18.98664075,71.75319514,53,Rainy,food stall,11,28,24,1,4
04-12-2024 21:06,1,49,22,0,22.41328994,69.24797397,102,Cloudy,parking spot,8,35,31,0,4
03-12-2024 00:28,1,220,82,1,26.10548562,75.394948,96,Rainy,food stall,18,32,0,1,5
05-12-2024 05:51,3,154,70,0,15.75107763,62.02415539,138,Rainy,restroom,8,14,10,0,2
04-12-2024 20:21,2,117,95,0,20.52389054,66.3689249,140,Sunny,parking spot,15,14,5,0,5
06-12-2024 11:01,2,173,114,0,19.7147223,74.59343733,85,Sunny,food stall,5,43,37,0,1
03-12-2024 10:18,2,156,42,0,18.62475952,46.86598645,76,Sunny,food stall,13,9,9,0,1
02-12-2024 01:14,1,72,42,0,21.89277834,60.44392232,81,Cloudy,parking spot,3,13,8,0,2
01-12-2024 17:50,1,242,90,1,17.87409796,52.56304415,96,Cloudy,food stall,15,32,6,1,1
07-12-2024 19:13,2,124,113,0,18.37294638,76.36279106,114,Rainy,parking spot,2,12,11,0,1
04-12-2024 04:30,1,120,111,0,16.90249901,67.01551806,123,Cloudy,parking spot,11,28,11,0,2
06-12-2024 04:49,2,199,23,0,24.3363969,71.9702442,121,Cloudy,food stall,8,31,23,0,5
02-12-2024 17:46,3,209,60,1,23.80920545,67.39068279,115,Sunny,food stall,9,43,22,1,5
05-12-2024 16:32,1,262,61,1,21.7023447,73.06424609,143,Rainy,restroom,9,24,6,1,5
05-12-2024 18:41,2,204,63,1,27.03695011,54.30953222,83,Rainy,food stall,14,38,2,1,4
06-12-2024 11:28,1,251,56,1,20.63014878,53.92537869,60,Cloudy,restroom,3,35,19,1,1
01-12-2024 16:12,3,165,64,0,18.22439096,65.56059406,117,Rainy,restroom,16,26,1,0,2
07-12-2024 17:52,2,68,117,0,26.47180554,46.23754269,77,Sunny,parking spot,17,35,0,0,3
04-12-2024 01:11,1,162,105,0,29.2892927,44.14402546,138,Sunny,restroom,8,33,20,0,5
03-12-2024 14:53,2,257,64,1,27.93237151,67.86876214,62,Rainy,restroom,19,45,25,1,3
03-12-2024 18:20,2,229,53,1,23.25095432,43.29960729,148,Cloudy,food stall,13,34,13,1,5
01-12-2024 08:21,3,277,21,1,29.17187196,68.8376359,88,Cloudy,restroom,12,9,5,1,1
06-12-2024 13:23,3,236,50,1,21.90070334,41.59362095,149,Cloudy,parking spot,7,17,10,1,2
05-12-2024 10:50,3,294,50,1,23.74527155,58.58902563,136,Sunny,parking spot,3,43,37,1,2
06-12-2024 03:07,2,177,93,0,23.71415916,53.53195946,58,Cloudy,restroom,17,46,22,0,1
03-12-2024 07:59,1,74,34,0,28.31663409,53.55858193,120,Sunny,parking spot,17,25,17,0,3
07-12-2024 22:54,2,237,75,1,18.04262262,75.08810896,70,Sunny,food stall,3,44,4,1,4
03-12-2024 02:32,2,133,115,0,16.37208751,47.59560965,58,Cloudy,restroom,2,19,8,0,1
06-12-2024 10:20,1,64,36,0,15.5446435,64.72482516,120,Sunny,restroom,4,11,1,0,2
06-12-2024 09:49,2,34,66,0,23.66557144,45.52719483,122,Cloudy,parking spot,4,48,3,0,4
02-12-2024 12:34,2,43,104,0,21.63889022,66.11498844,58,Cloudy,food stall,7,49,15,0,2
04-12-2024 08:34,2,186,57,0,20.36741501,70.76896933,120,Sunny,restroom,6,44,26,0,4
02-12-2024 15:42,1,141,86,0,24.12088938,67.19432024,149,Sunny,parking spot,4,44,30,0,5
07-12-2024 01:44,1,134,76,0,16.28851159,74.68431997,81,Cloudy,restroom,13,23,3,0,3
01-12-2024 07:49,2,101,99,0,26.93918767,63.73906916,113,Cloudy,food stall,4,5,5,0,3
02-12-2024 14:33,2,109,54,0,24.72110943,73.06172907,105,Rainy,food stall,12,22,21,0,4
06-12-2024 09:00,1,154,69,0,29.38515734,52.0745362,64,Cloudy,restroom,4,37,35,0,4
04-12-2024 18:53,1,121,42,0,20.96803402,63.33566863,57,Cloudy,restroom,14,26,17,0,5
02-12-2024 11:19,1,247,50,1,15.86378809,77.41040576,64,Sunny,food stall,16,38,12,1,2
03-12-2024 17:35,2,235,84,1,25.85530918,66.87926164,129,Sunny,food stall,11,47,19,1,2
03-12-2024 10:11,2,213,16,1,25.65662642,73.52403101,109,Rainy,restroom,14,26,25,1,4
03-12-2024 18:12,1,106,68,0,27.54706568,44.0234026,65,Cloudy,parking spot,13,42,30,0,4
01-12-2024 18:30,1,95,113,0,23.26388485,61.99338222,75,Sunny,parking spot,17,37,5,0,1
04-12-2024 06:53,1,211,40,1,22.52036511,51.32829969,70,Cloudy,food stall,5,26,21,1,1
01-12-2024 04:33,1,83,42,0,22.17598211,42.68912031,85,Rainy,food stall,14,7,6,0,2
06-12-2024 08:19,3,87,62,0,21.37269853,77.83846034,51,Rainy,parking spot,11,17,13,0,1
01-12-2024 03:32,2,52,58,0,22.7614824,70.08006706,129,Rainy,restroom,5,40,39,0,4
01-12-2024 22:49,2,264,25,1,29.36460685,72.41548996,144,Cloudy,parking spot,7,21,16,1,1
05-12-2024 17:45,1,223,27,1,17.94083768,56.77870909,67,Sunny,parking spot,9,41,0,1,5
06-12-2024 09:06,3,147,87,0,21.76216829,46.12541459,144,Sunny,restroom,15,14,14,0,4
01-12-2024 18:37,2,145,36,0,23.45419344,61.62676621,90,Rainy,restroom,19,39,10,0,5
01-12-2024 21:43,3,138,57,0,20.20932586,49.23478134,59,Rainy,restroom,10,33,31,0,3
06-12-2024 22:04,2,89,116,0,25.45471539,40.14814463,83,Sunny,restroom,18,30,17,0,5
03-12-2024 06:01,3,140,39,0,21.910761,72.25984402,91,Cloudy,parking spot,17,31,12,0,1
01-12-2024 15:31,1,32,96,0,23.50907288,78.93261371,98,Cloudy,restroom,3,29,20,0,1
06-12-2024 02:00,3,130,89,0,18.2383089,78.71497466,114,Rainy,parking spot,13,25,11,0,5
05-12-2024 10:52,3,145,78,0,29.74325463,62.63426439,69,Rainy,food stall,16,47,44,0,4
05-12-2024 04:36,1,156,94,0,24.65193281,41.65881234,55,Rainy,restroom,19,29,10,0,2
06-12-2024 08:50,2,56,84,0,17.57734812,70.85910249,63,Cloudy,restroom,14,8,8,0,4
04-12-2024 10:04,2,211,78,1,21.03687453,79.79706025,98,Sunny,parking spot,15,20,2,1,2
05-12-2024 05:35,1,232,78,1,21.26284432,74.11247402,127,Sunny,restroom,8,37,29,1,1
05-12-2024 14:47,2,217,41,1,26.76460453,74.82915663,135,Rainy,parking spot,5,42,12,1,3
01-12-2024 10:43,3,263,116,1,17.36795087,51.04829924,56,Rainy,restroom,15,17,9,1,2
01-12-2024 05:17,1,233,107,1,27.64433042,51.42784432,60,Cloudy,parking spot,4,37,14,1,5
03-12-2024 18:10,2,126,80,0,27.46926088,41.04114657,80,Sunny,food stall,4,18,17,0,5
05-12-2024 19:54,3,252,117,1,29.78771792,53.33507243,132,Cloudy,parking spot,12,34,30,1,5
03-12-2024 04:16,1,252,81,1,27.45655877,59.70568124,116,Rainy,food stall,14,35,1,1,4
03-12-2024 22:49,3,96,36,0,23.61232629,77.92103513,56,Sunny,food stall,11,8,2,0,1
02-12-2024 21:50,3,277,113,1,29.45160268,41.53111107,50,Cloudy,parking spot,14,14,1,1,4
02-12-2024 19:18,1,103,69,0,18.45254311,61.37063188,118,Rainy,parking spot,5,8,7,0,2
07-12-2024 23:20,1,134,55,0,28.89824345,43.09843975,75,Cloudy,food stall,16,24,7,0,2
06-12-2024 17:44,3,61,25,0,29.63437701,55.92739897,102,Cloudy,food stall,3,36,26,0,5
04-12-2024 23:59,1,92,37,0,18.28832671,61.60077527,95,Cloudy,food stall,13,49,12,0,2
06-12-2024 14:18,1,241,67,1,16.84750895,63.90790979,146,Cloudy,restroom,16,45,35,1,3
02-12-2024 07:24,2,287,41,1,23.87244474,76.50981968,81,Cloudy,parking spot,8,48,35,1,2
07-12-2024 09:15,2,201,113,1,21.08195634,49.35000796,92,Cloudy,restroom,15,39,33,1,1
07-12-2024 03:44,1,90,39,0,21.78533924,56.05644136,107,Rainy,parking spot,14,5,4,0,5
01-12-2024 04:13,1,223,50,1,17.91517674,74.3705147,71,Sunny,food stall,10,44,34,1,5
03-12-2024 10:01,3,162,82,0,28.13280534,64.98812779,140,Sunny,restroom,9,11,5,0,1
04-12-2024 03:02,3,287,15,1,20.08562381,51.27564122,64,Sunny,parking spot,12,42,40,1,3
05-12-2024 05:06,2,157,72,0,22.77198449,45.66825232,93,Cloudy,parking spot,13,36,15,0,4
07-12-2024 16:14,2,81,33,0,19.9517025,55.09739656,136,Cloudy,food stall,2,42,13,0,4
04-12-2024 17:10,2,37,62,0,18.79532258,49.9642177,91,Cloudy,parking spot,19,11,5,0,3
07-12-2024 09:11,3,268,79,1,17.0412335,57.36550849,75,Sunny,restroom,14,31,24,1,3
01-12-2024 08:38,2,54,49,0,26.55143229,66.83811943,124,Rainy,parking spot,5,28,23,0,3
05-12-2024 11:32,2,173,33,0,28.52564355,67.25743847,125,Cloudy,restroom,13,34,14,0,5
06-12-2024 10:41,2,172,39,0,29.22684945,40.63560366,88,Rainy,parking spot,8,43,29,0,2
01-12-2024 22:45,1,33,111,0,19.47488462,63.59436964,110,Rainy,food stall,8,14,7,0,5
03-12-2024 08:45,1,248,101,1,26.98358478,61.10337131,76,Sunny,restroom,18,48,41,1,3
01-12-2024 12:45,2,117,37,0,22.28735373,53.09606868,68,Cloudy,restroom,3,35,25,0,1
05-12-2024 23:20,2,36,55,0,19.1310998,51.70866771,124,Rainy,parking spot,8,24,3,0,3
07-12-2024 02:06,2,99,60,0,27.69372795,73.63888968,97,Rainy,food stall,12,8,4,0,5
05-12-2024 11:17,3,54,82,0,28.06163387,48.51855075,95,Sunny,food stall,15,33,28,0,5
07-12-2024 10:57,1,59,58,0,27.22105447,69.3644522,108,Rainy,food stall,19,5,3,0,3
02-12-2024 09:21,1,134,22,0,25.84943276,78.90735878,64,Sunny,restroom,17,13,1,0,2
03-12-2024 09:27,2,136,61,0,25.26871515,59.58913807,107,Rainy,parking spot,17,24,23,0,3
06-12-2024 12:50,2,111,28,0,22.10559717,71.16264026,101,Cloudy,parking spot,14,30,10,0,2
01-12-2024 04:54,1,42,72,0,15.16795684,56.13427785,96,Cloudy,parking spot,12,38,24,0,3
05-12-2024 19:11,2,66,84,0,18.20489119,72.47365821,60,Cloudy,restroom,7,15,14,0,5
07-12-2024 17:47,2,275,82,1,27.95774887,76.40426347,107,Sunny,parking spot,5,36,25,1,5
04-12-2024 11:02,3,90,105,0,15.36095612,55.99719894,93,Cloudy,restroom,19,39,14,0,5
07-12-2024 08:08,2,235,26,1,22.45751681,69.08821758,74,Cloudy,food stall,14,35,9,1,5
07-12-2024 09:38,2,75,100,0,27.54482704,78.86245445,82,Sunny,parking spot,7,36,18,0,5
07-12-2024 17:22,1,297,49,1,20.87795987,52.93124215,129,Sunny,parking spot,8,26,7,1,4
06-12-2024 04:02,3,88,85,0,20.77537805,48.27410297,139,Rainy,restroom,4,36,15,0,2
03-12-2024 22:21,3,205,67,1,17.68654752,55.99955971,83,Rainy,parking spot,19,15,6,1,2
03-12-2024 23:58,3,295,81,1,18.49995085,49.90875847,89,Sunny,parking spot,17,16,14,1,5
02-12-2024 00:19,1,154,110,0,29.04969339,41.80640003,71,Cloudy,food stall,2,39,20,0,3
06-12-2024 13:32,2,77,98,0,18.16562786,42.12820693,84,Sunny,food stall,15,39,19,0,1
03-12-2024 10:37,3,113,58,0,26.60444466,69.630498,97,Cloudy,food stall,2,37,6,0,2
01-12-2024 16:32,1,248,93,1,29.78167922,53.18447804,143,Cloudy,parking spot,11,10,3,1,2
02-12-2024 04:36,2,216,94,1,15.2796043,64.49659417,125,Cloudy,parking spot,4,32,18,1,3
02-12-2024 07:28,2,180,75,0,16.98277247,77.9977505,57,Cloudy,parking spot,5,20,1,0,5
06-12-2024 07:03,2,51,40,0,23.16541136,49.04039381,130,Rainy,parking spot,19,11,2,0,2
07-12-2024 02:32,2,249,113,1,22.32138333,61.09515744,78,Rainy,restroom,18,47,1,1,1
02-12-2024 01:44,1,293,80,1,25.08087249,54.32756999,118,Sunny,food stall,17,5,5,1,1
07-12-2024 08:44,3,231,25,1,22.90191903,62.98986868,148,Rainy,food stall,13,34,17,1,4
01-12-2024 13:58,2,110,102,0,24.73978571,60.65524094,131,Cloudy,restroom,12,16,11,0,1
02-12-2024 18:21,2,217,58,1,26.55064456,43.58430664,91,Rainy,restroom,2,23,4,1,4
07-12-2024 23:34,1,57,49,0,28.00892409,63.29375586,121,Cloudy,restroom,12,42,21,0,3
06-12-2024 18:03,2,295,28,1,17.67710001,60.87467741,54,Cloudy,restroom,18,8,5,1,4
07-12-2024 08:32,1,167,26,0,27.78257455,47.66056723,53,Rainy,restroom,2,11,7,0,1
01-12-2024 11:00,3,122,101,0,20.58895551,59.66927634,116,Rainy,food stall,18,48,31,0,1
07-12-2024 18:43,2,125,16,0,16.55277244,43.24665666,53,Sunny,food stall,11,35,15,0,1
03-12-2024 11:36,3,61,96,0,28.6488344,53.15049512,77,Sunny,parking spot,5,32,1,0,4
06-12-2024 16:13,1,233,97,1,15.12149989,63.05836035,107,Sunny,food stall,7,8,2,1,4
01-12-2024 08:26,2,186,28,0,19.88596388,76.58705961,53,Sunny,parking spot,8,11,0,0,4
02-12-2024 07:07,1,247,104,1,15.92273332,67.56370609,55,Cloudy,parking spot,12,31,27,1,2
01-12-2024 20:09,1,98,112,0,24.53061775,57.11261163,90,Sunny,food stall,15,35,3,0,1
02-12-2024 21:57,2,55,91,0,26.20747526,52.86593062,76,Rainy,food stall,7,18,10,0,5
05-12-2024 20:50,2,271,36,1,21.40489298,71.02060588,119,Sunny,parking spot,12,22,21,1,1
07-12-2024 22:19,2,257,81,1,29.77873054,46.2712508,142,Rainy,parking spot,11,27,14,1,4
02-12-2024 10:54,1,160,111,0,19.86302381,78.56847902,118,Sunny,restroom,4,38,17,0,1
04-12-2024 02:03,2,31,20,0,21.24255215,61.71173122,133,Sunny,parking spot,2,22,12,0,3
03-12-2024 04:56,3,35,18,0,29.30823799,53.89869391,149,Sunny,restroom,13,27,20,0,1
01-12-2024 02:07,2,204,120,1,26.10741821,74.71649725,75,Rainy,restroom,4,48,46,1,2
07-12-2024 04:09,1,101,86,0,25.52891186,68.11292918,144,Sunny,parking spot,7,28,20,0,3
02-12-2024 20:22,1,266,112,1,17.18734442,50.78292563,129,Sunny,restroom,13,32,3,1,3
07-12-2024 18:21,1,264,73,1,28.42619707,43.13613433,94,Cloudy,restroom,8,6,1,1,5
06-12-2024 19:39,3,278,54,1,23.25098692,43.74393697,114,Rainy,parking spot,14,23,0,1,3
01-12-2024 19:12,2,75,20,0,23.32883576,72.51710193,132,Rainy,restroom,7,46,33,0,4
05-12-2024 03:25,1,185,52,0,26.39708762,41.96035488,88,Rainy,restroom,17,12,9,0,3
04-12-2024 18:07,1,136,106,0,28.87757571,70.71351015,101,Sunny,parking spot,19,39,7,0,3
01-12-2024 12:32,1,178,33,0,21.68249249,72.83502258,111,Cloudy,food stall,9,26,15,0,3
03-12-2024 21:37,2,165,20,0,25.11899312,55.69214752,127,Sunny,parking spot,17,44,39,0,5
06-12-2024 19:59,1,219,84,1,16.71479324,79.26812532,90,Sunny,restroom,7,17,3,1,1
01-12-2024 23:19,3,137,102,0,24.31693062,79.00257044,93,Cloudy,food stall,6,41,20,0,1
04-12-2024 07:24,1,85,54,0,15.98283207,75.59061939,78,Cloudy,restroom,6,24,11,0,3
03-12-2024 13:48,1,35,25,0,17.49318359,60.36606331,115,Sunny,parking spot,13,34,24,0,5
02-12-2024 01:41,1,198,79,0,28.17280272,63.81078589,69,Sunny,restroom,7,20,20,0,5
05-12-2024 10:17,1,207,25,1,25.83596635,45.21513716,95,Cloudy,food stall,15,6,5,1,5
03-12-2024 12:53,1,200,51,0,20.1810501,57.76128285,56,Cloudy,restroom,13,27,13,0,2
04-12-2024 22:23,1,74,46,0,18.47804828,62.2909594,58,Sunny,restroom,16,49,20,0,1
07-12-2024 16:03,2,224,16,1,23.60173018,42.11763253,87,Rainy,restroom,16,50,24,1,4
03-12-2024 03:00,2,113,32,0,26.20785713,69.93842377,144,Rainy,food stall,13,27,10,0,3
05-12-2024 11:13,1,138,114,0,26.21434749,44.79510715,50,Sunny,parking spot,9,33,1,0,3
03-12-2024 10:25,3,61,99,0,20.91152431,71.85039022,82,Sunny,food stall,11,5,4,0,2
01-12-2024 17:00,2,67,97,0,29.64792843,74.28024041,150,Sunny,parking spot,9,33,10,0,4
04-12-2024 08:27,3,32,102,0,26.42470307,67.16117238,50,Cloudy,restroom,12,40,2,0,4
05-12-2024 16:03,2,230,27,1,18.60513101,55.87991109,70,Sunny,restroom,17,15,13,1,5
05-12-2024 03:07,3,151,30,0,26.84018897,44.22751701,121,Sunny,parking spot,13,10,3,0,1
04-12-2024 07:23,2,161,60,0,28.0678089,70.10793255,119,Sunny,restroom,10,23,13,0,1
02-12-2024 04:06,2,188,34,0,16.8160742,48.87712123,116,Cloudy,restroom,13,29,13,0,2
07-12-2024 13:17,1,106,92,0,29.98147324,71.49434511,135,Sunny,food stall,15,19,9,0,5
06-12-2024 13:51,1,172,55,0,26.42788413,48.11783345,144,Sunny,parking spot,3,23,20,0,3
07-12-2024 06:57,3,98,38,0,27.39287972,58.20361214,102,Cloudy,parking spot,2,42,10,0,5
02-12-2024 09:42,2,225,113,1,26.16637016,76.76466951,61,Rainy,food stall,10,35,9,1,4
05-12-2024 03:23,3,114,79,0,17.09214696,41.05225864,101,Rainy,parking spot,2,49,8,0,5
01-12-2024 13:51,2,189,83,0,21.67603383,51.36094136,137,Sunny,restroom,2,48,48,0,5
04-12-2024 05:25,3,103,66,0,28.18388991,54.81508479,95,Rainy,restroom,17,13,7,0,1
05-12-2024 03:12,2,215,22,1,24.83771711,54.27767843,92,Rainy,parking spot,11,34,8,1,1
03-12-2024 23:31,1,202,67,1,26.43369889,47.86911597,62,Sunny,food stall,5,10,4,1,5
07-12-2024 13:53,2,292,67,1,23.46816166,52.80615164,106,Cloudy,parking spot,15,34,23,1,2
06-12-2024 21:53,1,225,100,1,15.04283507,53.60020054,119,Sunny,restroom,19,14,1,1,5
03-12-2024 23:46,3,174,91,0,21.58978354,66.36237008,141,Sunny,restroom,14,38,19,0,5
01-12-2024 13:02,1,277,114,1,20.91040003,50.23992064,97,Rainy,restroom,11,8,4,1,1
07-12-2024 02:17,2,249,120,1,26.57639992,65.09493732,133,Cloudy,food stall,3,37,21,1,5
03-12-2024 01:17,2,262,97,1,28.46758567,47.70505166,104,Cloudy,food stall,19,8,3,1,1
02-12-2024 19:00,1,80,57,0,22.8976192,54.80381188,81,Cloudy,food stall,15,30,5,0,3
04-12-2024 10:28,2,48,57,0,22.18644287,77.57432108,135,Cloudy,parking spot,19,49,1,0,1
05-12-2024 15:48,3,284,27,1,21.56612782,43.9054564,100,Rainy,food stall,18,9,4,1,2
04-12-2024 15:31,3,57,111,0,15.21123336,51.78412216,126,Cloudy,food stall,9,26,5,0,5
03-12-2024 20:33,2,133,40,0,15.22638886,68.82900667,81,Cloudy,parking spot,12,47,28,0,5
02-12-2024 18:03,2,227,107,1,28.12696334,76.08826174,111,Sunny,parking spot,11,11,7,1,4
05-12-2024 07:30,3,121,29,0,28.67728162,43.76939992,70,Rainy,parking spot,12,12,2,0,2
03-12-2024 20:11,1,124,34,0,27.67194233,74.54013714,135,Sunny,restroom,5,20,3,0,4
07-12-2024 17:02,2,44,60,0,18.10750082,45.30849303,111,Sunny,restroom,14,24,19,0,4
04-12-2024 09:58,3,53,44,0,22.00887744,61.48567813,78,Rainy,restroom,6,40,14,0,2
06-12-2024 07:23,1,286,30,1,17.14940116,43.76374312,144,Cloudy,parking spot,2,35,11,1,5
02-12-2024 03:45,1,296,96,1,23.00198489,45.0403203,99,Sunny,parking spot,10,18,13,1,5
01-12-2024 06:26,3,114,66,0,18.59933948,78.37204499,103,Cloudy,parking spot,3,44,39,0,2
07-12-2024 15:53,3,85,40,0,23.66969321,50.9351935,135,Sunny,food stall,11,34,3,0,4
07-12-2024 17:49,2,68,30,0,19.90566949,64.37824407,111,Rainy,food stall,6,17,1,0,3
03-12-2024 23:17,2,257,94,1,22.34272138,47.7647315,95,Cloudy,restroom,7,34,17,1,3
07-12-2024 05:38,2,34,20,0,15.15515195,58.55352399,119,Cloudy,parking spot,15,26,26,0,4
05-12-2024 18:00,1,171,83,0,23.29600246,58.42603137,130,Sunny,parking spot,11,29,29,0,2
03-12-2024 10:41,1,62,26,0,15.91599121,41.03876921,55,Cloudy,food stall,12,32,31,0,5
03-12-2024 10:58,2,278,46,1,24.64494782,61.79327291,133,Cloudy,restroom,16,16,4,1,4
03-12-2024 06:02,1,59,110,0,24.81284796,49.19481958,56,Rainy,food stall,9,11,0,0,4
06-12-2024 07:06,2,46,30,0,20.42091205,65.40370699,76,Sunny,food stall,14,34,33,0,1
06-12-2024 19:22,3,221,98,1,23.85976597,49.70947631,88,Rainy,food stall,9,23,3,1,4
01-12-2024 06:06,1,179,46,0,25.22985998,43.82696383,50,Rainy,parking spot,6,19,11,0,3
04-12-2024 12:50,2,143,33,0,22.41047969,74.04650869,147,Cloudy,parking spot,12,23,3,0,4
05-12-2024 21:14,3,72,120,0,17.56227181,43.00215065,138,Cloudy,parking spot,3,21,17,0,5
04-12-2024 11:30,2,74,80,0,21.1580916,50.99420223,99,Sunny,food stall,13,25,19,0,1
01-12-2024 10:21,3,93,47,0,16.79381059,78.51955679,118,Sunny,parking spot,3,15,0,0,1
05-12-2024 00:19,3,283,113,1,20.56401668,45.6467006,125,Sunny,parking spot,3,26,10,1,3
03-12-2024 01:48,3,176,70,0,26.72459038,75.57858557,56,Cloudy,food stall,3,47,39,0,4
03-12-2024 17:34,1,112,103,0,23.46266383,51.64890337,63,Sunny,parking spot,5,20,9,0,4
01-12-2024 07:48,2,65,21,0,28.45493662,73.92242536,94,Rainy,restroom,2,37,11,0,4
07-12-2024 15:43,1,109,65,0,26.30148233,51.59075939,137,Sunny,restroom,16,9,4,0,3
07-12-2024 10:53,3,261,52,1,27.481504,64.62367864,84,Rainy,food stall,11,48,0,1,4
06-12-2024 18:57,2,190,50,0,19.26404383,56.97882517,56,Sunny,restroom,8,33,20,0,3
07-12-2024 18:08,1,166,108,0,16.42792118,41.08428751,58,Cloudy,parking spot,2,41,23,0,3
07-12-2024 20:13,2,126,23,0,27.700326,64.24304872,55,Rainy,parking spot,4,13,0,0,2
06-12-2024 16:42,3,252,26,1,19.44498658,68.36749865,52,Cloudy,restroom,11,36,29,1,2
07-12-2024 12:17,3,291,63,1,28.25709335,61.76467984,102,Sunny,restroom,11,32,26,1,2
05-12-2024 10:47,2,120,48,0,18.42140173,65.27486667,143,Cloudy,food stall,16,10,2,0,2
05-12-2024 23:15,1,101,16,0,22.03884616,67.03450513,82,Rainy,restroom,13,43,18,0,1
07-12-2024 07:00,2,202,102,1,16.58533261,68.36781291,107,Sunny,food stall,16,14,7,1,2
04-12-2024 03:44,1,154,120,0,17.64336059,70.75236494,126,Rainy,parking spot,17,25,22,0,3
01-12-2024 13:39,3,84,42,0,26.82193516,43.00296174,141,Cloudy,parking spot,2,11,5,0,5
02-12-2024 10:59,2,296,20,1,20.82020011,73.92421983,60,Sunny,food stall,6,13,11,1,5
06-12-2024 19:02,3,70,104,0,23.28667844,52.89074015,83,Sunny,restroom,18,9,3,0,5
01-12-2024 14:27,2,251,23,1,16.4567716,73.94985488,94,Cloudy,restroom,19,9,8,1,2
06-12-2024 01:22,1,214,93,1,19.65244335,63.49883935,132,Sunny,food stall,10,6,5,1,1
05-12-2024 16:35,1,139,29,0,23.56193827,72.21347893,99,Cloudy,food stall,19,42,16,0,2
07-12-2024 02:17,3,47,41,0,24.48135883,41.24039425,101,Rainy,parking spot,16,25,19,0,3
06-12-2024 11:21,2,189,113,0,22.62408386,42.75976967,140,Cloudy,food stall,19,50,39,0,3
07-12-2024 05:30,3,188,96,0,19.64548486,53.32928435,63,Cloudy,parking spot,12,40,33,0,2
01-12-2024 06:37,1,201,49,1,28.42059379,68.11781667,113,Sunny,restroom,11,43,0,1,3
04-12-2024 12:00,1,235,90,1,20.90627491,73.60951939,54,Cloudy,parking spot,16,50,45,1,3
03-12-2024 06:48,1,237,99,1,15.83469006,55.50892018,60,Cloudy,parking spot,8,12,12,1,1
01-12-2024 19:33,3,290,18,1,24.40883702,62.60538839,102,Cloudy,restroom,15,44,3,1,5
02-12-2024 23:48,2,157,31,0,21.63186838,79.15535541,112,Cloudy,parking spot,2,21,20,0,1
01-12-2024 09:46,1,266,103,1,16.29417075,60.96583475,61,Sunny,food stall,17,28,25,1,1
02-12-2024 10:19,2,198,16,0,20.56281102,50.33281672,104,Rainy,restroom,8,12,0,0,2
05-12-2024 13:23,2,265,55,1,21.04979058,54.02770501,147,Rainy,food stall,12,20,14,1,1
03-12-2024 20:38,2,173,15,0,18.42963375,72.69855494,71,Cloudy,restroom,8,29,28,0,2
02-12-2024 08:53,2,47,93,0,27.14849538,60.26477127,133,Rainy,restroom,13,48,6,0,5
05-12-2024 16:33,3,275,107,1,22.75357114,41.02477167,86,Cloudy,food stall,13,31,16,1,2
07-12-2024 17:42,1,41,52,0,26.60036361,50.27639628,67,Sunny,food stall,13,26,5,0,2
06-12-2024 10:11,3,167,41,0,20.52923402,46.23159895,147,Sunny,restroom,10,47,31,0,2
06-12-2024 00:10,2,164,65,0,22.55874248,75.63030633,75,Cloudy,parking spot,18,31,6,0,5
03-12-2024 05:58,1,106,28,0,25.27709987,75.67691357,62,Rainy,parking spot,11,41,27,0,2
01-12-2024 13:47,2,129,103,0,21.44701756,55.19934529,79,Rainy,food stall,9,27,0,0,3
04-12-2024 13:19,1,258,33,1,22.05033259,54.21974652,135,Rainy,food stall,4,39,18,1,2
01-12-2024 17:54,3,241,83,1,29.01809142,63.26783498,91,Sunny,parking spot,8,34,20,1,1
05-12-2024 19:46,3,85,50,0,24.69511077,71.90538194,89,Rainy,parking spot,7,45,3,0,4
02-12-2024 17:09,2,174,58,0,18.44946161,74.30410911,116,Sunny,restroom,18,50,44,0,3
05-12-2024 10:52,3,138,15,0,18.35638693,67.13864044,83,Sunny,parking spot,14,48,39,0,3
01-12-2024 17:02,1,274,44,1,20.73187746,60.85362974,76,Sunny,food stall,18,29,29,1,5
05-12-2024 22:04,3,232,106,1,20.9377616,72.07844667,137,Rainy,food stall,5,27,5,1,1
05-12-2024 02:53,1,105,64,0,25.42618823,68.75144292,113,Rainy,parking spot,11,39,12,0,1
01-12-2024 11:15,1,133,76,0,17.7756339,46.3121012,94,Sunny,food stall,14,24,12,0,1
03-12-2024 10:30,2,142,65,0,19.92786218,43.16766275,131,Rainy,food stall,10,29,1,0,4
03-12-2024 19:10,1,74,117,0,28.1232048,54.12496996,144,Rainy,parking spot,19,31,1,0,3
05-12-2024 04:04,3,69,69,0,18.89250608,68.46766515,114,Sunny,restroom,6,11,9,0,2
04-12-2024 08:37,2,100,43,0,18.86529514,68.68925055,53,Rainy,parking spot,15,5,3,0,1
05-12-2024 11:27,3,55,57,0,16.39236162,48.04802876,87,Sunny,restroom,13,16,3,0,2
04-12-2024 21:54,3,89,114,0,15.65018164,52.36442113,72,Rainy,food stall,18,48,14,0,5
06-12-2024 14:21,3,69,110,0,25.24035357,68.45762308,95,Rainy,parking spot,5,28,6,0,1
07-12-2024 01:09,3,96,45,0,18.89331662,41.73785732,141,Sunny,parking spot,7,18,6,0,2
02-12-2024 19:19,3,181,52,0,23.45951422,42.07484553,98,Sunny,parking spot,2,13,9,0,1
05-12-2024 20:33,2,169,43,0,15.00843929,70.7181163,113,Cloudy,food stall,8,13,8,0,5
03-12-2024 22:20,2,237,33,1,16.31346502,46.8955361,97,Sunny,parking spot,14,33,2,1,2
01-12-2024 03:42,2,287,68,1,27.46684919,77.96473889,122,Cloudy,restroom,5,46,4,1,2
07-12-2024 08:42,1,89,41,0,27.06803699,47.02949243,70,Rainy,parking spot,3,36,30,0,2
06-12-2024 12:12,1,211,36,1,20.71522321,44.56971841,63,Sunny,parking spot,17,12,5,1,1
01-12-2024 08:15,2,149,33,0,24.87934,49.42229345,73,Sunny,food stall,12,22,10,0,5
04-12-2024 18:49,1,245,22,1,16.78858498,68.53861672,96,Cloudy,restroom,13,10,6,1,1
02-12-2024 07:03,1,44,56,0,29.75295375,78.21360063,83,Sunny,parking spot,8,46,36,0,5
06-12-2024 04:54,2,108,71,0,26.51097056,63.1110382,139,Rainy,parking spot,15,24,5,0,3
05-12-2024 04:41,3,187,68,0,22.30061397,53.86067401,69,Sunny,restroom,7,15,2,0,2
03-12-2024 00:51,2,228,92,1,23.24862016,71.76125803,100,Rainy,parking spot,19,24,18,1,1
05-12-2024 15:19,3,290,67,1,23.32092032,53.24648987,53,Rainy,parking spot,18,33,7,1,2
06-12-2024 08:51,1,200,95,0,22.21364549,65.58840082,93,Rainy,food stall,17,39,9,0,1
05-12-2024 08:10,1,218,38,1,17.88565881,47.55992723,129,Sunny,food stall,14,45,31,1,1
06-12-2024 23:44,1,239,21,1,28.0022774,43.8087654,127,Cloudy,food stall,13,31,1,1,2
02-12-2024 11:11,3,35,47,0,16.54715494,71.69068673,70,Sunny,parking spot,2,25,10,0,1
07-12-2024 04:37,3,291,103,1,20.24709014,72.59138654,115,Rainy,restroom,18,39,3,1,5
04-12-2024 18:49,1,257,34,1,19.08231652,60.16735455,93,Rainy,parking spot,16,42,40,1,3
07-12-2024 06:10,2,287,25,1,16.61437936,43.02864566,83,Rainy,restroom,11,23,10,1,2
02-12-2024 20:13,2,215,16,1,28.08438385,69.05622068,60,Cloudy,parking spot,14,30,20,1,1
03-12-2024 22:14,1,190,53,0,19.46309491,59.95689282,95,Sunny,parking spot,9,27,1,0,2
06-12-2024 02:46,2,186,22,0,21.97726306,70.25979026,65,Cloudy,parking spot,17,26,3,0,4
05-12-2024 22:19,1,278,27,1,19.97708434,78.18442826,116,Rainy,food stall,11,5,3,1,1
06-12-2024 10:46,3,53,119,0,18.7544992,45.36268487,139,Cloudy,parking spot,9,25,2,0,2
07-12-2024 22:41,3,207,113,1,21.64722633,74.44394015,79,Sunny,restroom,12,34,32,1,5
05-12-2024 17:46,3,158,25,0,17.90047009,77.09697754,70,Cloudy,restroom,9,28,24,0,4
05-12-2024 02:58,1,115,62,0,20.18065251,70.33963934,136,Rainy,restroom,17,40,36,0,4
05-12-2024 12:41,3,182,101,0,29.69601932,74.31775668,80,Rainy,food stall,16,36,16,0,4
04-12-2024 06:16,2,173,66,0,21.5156407,77.72981104,115,Rainy,parking spot,13,42,20,0,4
06-12-2024 18:02,1,49,60,0,27.79837923,49.20873899,94,Sunny,food stall,16,11,11,0,3
04-12-2024 17:35,2,91,47,0,28.07373509,54.98515321,96,Sunny,parking spot,14,10,7,0,2
03-12-2024 18:58,1,234,102,1,25.34614721,61.75251092,93,Rainy,restroom,3,15,8,1,3
05-12-2024 08:07,1,35,93,0,27.35847152,77.9418159,50,Cloudy,food stall,15,32,2,0,1
01-12-2024 13:19,1,237,90,1,16.29379468,47.70809671,128,Cloudy,food stall,18,45,21,1,5
05-12-2024 08:32,2,203,111,1,23.49866565,53.09515842,54,Rainy,food stall,12,27,19,1,2
06-12-2024 02:18,3,101,99,0,29.96532201,61.8894389,53,Cloudy,parking spot,16,10,10,0,4
05-12-2024 02:30,2,89,85,0,21.20431565,56.82926179,79,Cloudy,parking spot,12,7,1,0,3
01-12-2024 20:20,1,136,52,0,19.12355043,71.09429906,61,Cloudy,restroom,9,17,7,0,1
02-12-2024 20:52,1,155,97,0,25.9588348,40.43973725,63,Rainy,food stall,2,23,4,0,5
03-12-2024 17:39,3,295,31,1,21.82224775,43.87834046,89,Rainy,restroom,2,43,12,1,1
03-12-2024 17:22,2,99,67,0,28.40731242,64.89349753,63,Sunny,restroom,19,37,22,0,4
07-12-2024 23:07,2,291,41,1,18.32148424,73.88392377,81,Cloudy,restroom,15,12,0,1,2
05-12-2024 22:08,2,71,50,0,16.88979933,71.54983939,90,Rainy,food stall,8,12,10,0,2
05-12-2024 13:02,1,89,28,0,26.96172535,77.66449385,116,Rainy,food stall,14,11,6,0,2
03-12-2024 00:19,2,112,82,0,21.63851924,63.15935497,66,Cloudy,food stall,4,5,0,0,1
04-12-2024 15:31,2,170,20,0,16.33339055,56.39136065,103,Rainy,parking spot,4,29,23,0,5
01-12-2024 01:04,1,44,26,0,17.67091638,49.63067242,58,Sunny,restroom,15,42,6,0,2
04-12-2024 13:27,1,270,101,1,25.64419545,53.63825961,92,Sunny,restroom,8,7,5,1,5
02-12-2024 18:12,2,125,109,0,22.00831185,64.26746221,91,Cloudy,restroom,16,13,9,0,2
02-12-2024 06:36,3,97,40,0,21.09745463,45.90215026,105,Cloudy,parking spot,15,42,19,0,3
07-12-2024 02:19,3,202,115,1,27.40309568,66.10344904,103,Cloudy,parking spot,17,44,43,1,5
03-12-2024 06:33,1,245,24,1,23.18240807,66.82086405,112,Sunny,restroom,17,27,17,1,4
05-12-2024 03:54,3,59,35,0,19.5241234,63.82475657,103,Rainy,food stall,4,13,2,0,2
02-12-2024 01:21,3,150,36,0,19.65323093,79.26482665,130,Cloudy,parking spot,17,35,23,0,3
02-12-2024 07:59,3,212,90,1,29.05738715,60.668714,127,Rainy,restroom,12,35,3,1,1
06-12-2024 15:50,2,295,103,1,26.22528376,77.73087804,82,Sunny,restroom,15,24,13,1,4
03-12-2024 15:18,1,269,106,1,18.96873333,78.2713918,141,Rainy,food stall,13,23,18,1,2
01-12-2024 22:03,1,115,46,0,20.85664229,66.02001615,112,Cloudy,food stall,15,31,26,0,3
02-12-2024 08:06,1,148,35,0,21.0989295,72.16386107,74,Rainy,restroom,14,14,2,0,1
06-12-2024 05:08,3,170,102,0,22.04990784,60.88571817,147,Rainy,parking spot,19,50,42,0,1
05-12-2024 21:26,1,36,66,0,23.75832505,43.7407803,141,Rainy,restroom,11,50,41,0,2
07-12-2024 06:47,2,44,85,0,22.88505511,73.1163118,61,Cloudy,restroom,15,8,8,0,3
03-12-2024 06:43,1,238,115,1,26.25413656,67.8536589,140,Sunny,food stall,16,28,18,1,3
06-12-2024 23:00,2,218,55,1,23.83147563,62.85373075,90,Sunny,parking spot,10,38,17,1,2
02-12-2024 09:16,3,288,112,1,29.78755434,44.39418501,70,Sunny,parking spot,15,16,11,1,5
07-12-2024 04:45,1,84,44,0,19.38134105,73.45720795,130,Cloudy,restroom,12,49,18,0,5
04-12-2024 05:04,1,241,112,1,18.7464255,77.69305207,137,Rainy,parking spot,2,23,9,1,4
07-12-2024 13:57,2,178,53,0,26.58667534,79.33421877,94,Sunny,parking spot,11,30,24,0,3
07-12-2024 14:37,3,137,52,0,17.6483003,55.07286839,102,Cloudy,food stall,9,43,3,0,2
01-12-2024 08:00,2,52,87,0,26.63129377,68.9971605,119,Sunny,food stall,7,32,27,0,5
02-12-2024 22:41,3,89,90,0,19.98057376,66.3030278,143,Cloudy,food stall,16,46,27,0,2
07-12-2024 07:42,3,280,65,1,19.34663601,42.52270992,64,Rainy,food stall,13,11,5,1,5
03-12-2024 22:59,3,79,84,0,19.87209892,78.67535714,131,Sunny,restroom,7,30,27,0,1
02-12-2024 19:11,3,57,15,0,20.93280134,68.72454363,84,Sunny,restroom,10,43,17,0,2
03-12-2024 11:03,3,120,47,0,15.17776504,79.3469999,53,Sunny,parking spot,14,47,47,0,3
07-12-2024 09:57,3,208,100,1,26.45023315,60.42205379,121,Cloudy,food stall,15,36,28,1,4
03-12-2024 15:29,2,224,105,1,20.78025683,71.18581144,150,Rainy,restroom,10,23,20,1,4
02-12-2024 01:54,2,54,53,0,24.4356127,66.89507512,150,Sunny,restroom,11,23,22,0,2
05-12-2024 04:53,2,241,67,1,23.08334101,61.22418258,127,Rainy,food stall,17,28,7,1,2
07-12-2024 02:43,2,230,96,1,28.09143412,70.78980321,73,Sunny,food stall,13,49,27,1,4
06-12-2024 03:24,2,69,28,0,22.2038766,76.88563268,150,Rainy,food stall,6,35,5,0,4
05-12-2024 04:43,3,229,82,1,22.18620782,52.00487728,131,Rainy,restroom,6,32,20,1,3
02-12-2024 22:31,2,284,43,1,25.43329166,48.08725095,130,Cloudy,food stall,7,35,13,1,2
06-12-2024 22:28,1,204,22,1,20.83043555,78.88392762,127,Cloudy,parking spot,3,40,29,1,1
02-12-2024 08:48,1,85,88,0,18.42843609,58.34164797,109,Cloudy,parking spot,2,28,8,0,3
03-12-2024 10:15,3,74,41,0,29.59074553,49.84793247,118,Rainy,restroom,14,25,12,0,4
06-12-2024 15:34,3,260,19,1,24.17117603,46.03980806,64,Rainy,food stall,14,24,5,1,2
05-12-2024 22:18,1,280,39,1,27.01000903,60.31717983,53,Rainy,restroom,9,18,18,1,2
06-12-2024 06:54,1,283,56,1,16.16581395,61.17809371,65,Sunny,parking spot,12,29,27,1,4
01-12-2024 16:55,3,41,42,0,25.02403817,47.4554098,63,Cloudy,restroom,2,10,8,0,1
02-12-2024 18:43,3,249,48,1,24.72928187,59.18482345,133,Cloudy,parking spot,8,33,23,1,2
01-12-2024 01:36,2,50,67,0,15.12956665,45.61328277,91,Sunny,parking spot,14,26,8,0,3
07-12-2024 05:24,2,104,37,0,19.67660706,79.13851627,65,Sunny,parking spot,8,49,37,0,4
06-12-2024 01:26,2,145,76,0,21.66432025,50.19816737,88,Sunny,parking spot,17,17,0,0,4
05-12-2024 16:19,2,78,115,0,15.94973135,41.677938,145,Rainy,restroom,17,44,44,0,4
03-12-2024 23:44,1,153,40,0,26.00620823,79.1996224,150,Rainy,parking spot,15,29,10,0,2
04-12-2024 19:09,2,286,93,1,17.90909912,79.64418946,85,Sunny,restroom,13,15,11,1,5
05-12-2024 09:14,3,182,18,0,18.75369693,66.40851586,102,Sunny,restroom,16,26,24,0,1
01-12-2024 04:50,2,53,50,0,18.73702987,45.70207048,127,Sunny,restroom,17,43,13,0,1
03-12-2024 23:40,1,94,107,0,26.54568231,46.12150733,86,Sunny,parking spot,10,36,15,0,4
07-12-2024 02:27,3,269,67,1,17.05914027,52.36229899,126,Cloudy,restroom,18,48,32,1,5
05-12-2024 02:38,3,251,37,1,25.50854395,46.15243572,60,Cloudy,food stall,15,16,12,1,4
04-12-2024 02:47,2,258,60,1,20.90706602,67.08737605,91,Sunny,food stall,2,37,6,1,2
01-12-2024 16:10,2,224,111,1,21.4127141,62.08744104,105,Sunny,parking spot,12,44,8,1,4
04-12-2024 14:25,2,157,37,0,20.27694695,75.98909768,88,Cloudy,parking spot,13,42,26,0,2
05-12-2024 06:53,1,51,72,0,27.45095317,76.39239515,84,Rainy,parking spot,9,23,0,0,2
05-12-2024 21:36,2,243,73,1,29.7560774,43.43047172,110,Cloudy,parking spot,4,44,1,1,5
03-12-2024 10:41,3,120,41,0,27.08607432,76.39844959,98,Rainy,restroom,5,26,3,0,1
06-12-2024 18:50,2,59,91,0,27.49695698,72.94527651,67,Rainy,parking spot,3,30,22,0,4
05-12-2024 19:44,2,295,43,1,19.2275224,69.61765153,71,Cloudy,food stall,13,42,14,1,2
04-12-2024 21:57,3,276,29,1,25.87123695,76.15954033,99,Sunny,parking spot,5,35,8,1,1
04-12-2024 20:24,2,50,73,0,17.46517697,60.48454154,123,Rainy,food stall,11,24,8,0,1
04-12-2024 05:35,2,171,47,0,19.08743171,46.19547949,126,Cloudy,restroom,16,29,14,0,3
02-12-2024 18:19,3,115,55,0,21.11907507,68.35624934,110,Cloudy,parking spot,6,19,3,0,2
07-12-2024 07:01,3,91,54,0,15.0554044,42.28620013,144,Sunny,restroom,2,39,35,0,1
05-12-2024 00:50,1,92,115,0,24.93220364,74.29379963,105,Cloudy,parking spot,14,10,1,0,5
07-12-2024 06:12,3,224,77,1,29.95778442,71.19987071,81,Cloudy,parking spot,9,39,30,1,3
06-12-2024 01:40,2,51,21,0,15.60544233,70.20169099,96,Rainy,restroom,18,6,6,0,3
06-12-2024 17:58,1,93,104,0,19.48314523,46.64135184,142,Rainy,parking spot,18,42,10,0,3
07-12-2024 11:17,2,272,93,1,23.24403224,47.124086,119,Sunny,food stall,18,34,25,1,4
03-12-2024 07:39,1,53,38,0,29.28706048,52.66298402,136,Rainy,food stall,18,24,22,0,4
01-12-2024 21:18,1,123,45,0,19.47056238,68.83467469,88,Rainy,parking spot,7,12,6,0,3
01-12-2024 15:28,3,212,86,1,28.26280505,50.71107234,81,Sunny,restroom,12,37,24,1,3
03-12-2024 03:55,1,297,109,1,23.44679427,48.91504191,94,Cloudy,food stall,18,20,19,1,3
03-12-2024 17:45,2,111,59,0,18.83287556,67.72589948,143,Sunny,food stall,6,13,7,0,3
06-12-2024 20:22,1,97,55,0,21.5738188,53.26898218,81,Rainy,food stall,13,36,13,0,4
02-12-2024 20:29,3,272,38,1,15.6014216,71.1183007,144,Cloudy,food stall,9,13,6,1,3
01-12-2024 17:32,3,56,83,0,18.0809181,73.61558912,72,Rainy,parking spot,12,17,7,0,2
03-12-2024 11:28,1,272,117,1,28.53446972,53.95980856,54,Rainy,restroom,6,14,3,1,2
02-12-2024 01:32,1,186,120,0,18.04628345,68.48737469,75,Cloudy,parking spot,19,38,19,0,2
07-12-2024 13:56,1,56,65,0,16.53340099,44.42168912,73,Rainy,food stall,19,40,18,0,4
07-12-2024 13:07,2,98,41,0,15.22037136,77.28261804,98,Cloudy,restroom,7,31,23,0,2
05-12-2024 20:40,3,173,15,0,15.70053074,42.97981269,105,Sunny,restroom,18,39,31,0,3
02-12-2024 18:43,3,147,63,0,25.15820005,45.2143539,131,Sunny,restroom,14,12,4,0,5
02-12-2024 15:40,3,242,113,1,15.83851563,47.52917048,140,Rainy,food stall,10,18,6,1,4
05-12-2024 00:54,2,96,68,0,23.1204675,57.35005328,148,Sunny,restroom,6,49,29,0,1
03-12-2024 15:19,3,213,110,1,22.39315783,72.98433899,127,Cloudy,parking spot,11,50,41,1,3
04-12-2024 03:03,3,144,21,0,20.26154826,79.81535899,51,Sunny,parking spot,2,23,11,0,2
02-12-2024 22:53,3,173,40,0,26.37537443,45.64812628,113,Cloudy,food stall,16,49,32,0,4
04-12-2024 23:34,3,203,86,1,20.25637804,54.6463718,142,Cloudy,restroom,19,27,26,1,4
04-12-2024 10:07,1,69,35,0,25.30141567,75.84164607,66,Rainy,parking spot,11,12,4,0,5
02-12-2024 13:14,2,175,119,0,25.51233657,60.12045514,98,Cloudy,food stall,18,10,9,0,2
02-12-2024 21:04,1,92,31,0,21.61848916,53.30907243,77,Cloudy,parking spot,11,37,8,0,5
05-12-2024 18:59,2,118,104,0,28.73509858,53.71622508,59,Sunny,parking spot,7,36,29,0,4
05-12-2024 06:48,1,286,44,1,22.06611356,42.1844715,101,Cloudy,parking spot,11,31,23,1,3
07-12-2024 10:44,3,289,60,1,22.12110151,48.64583346,81,Rainy,restroom,10,29,26,1,5
06-12-2024 08:11,3,213,64,1,20.23394158,74.09673057,71,Cloudy,food stall,13,20,20,1,4
04-12-2024 01:15,2,48,89,0,21.25309082,60.47273455,107,Rainy,food stall,8,17,12,0,3
03-12-2024 18:31,1,290,87,1,22.40981027,53.23965614,121,Rainy,parking spot,13,6,4,1,3
05-12-2024 19:47,2,86,84,0,25.06990366,53.00631264,71,Sunny,parking spot,8,34,8,0,2
05-12-2024 23:08,2,257,58,1,29.16118414,73.15461194,104,Rainy,food stall,16,17,4,1,2
06-12-2024 18:36,3,66,77,0,17.61685443,43.53105801,133,Cloudy,parking spot,2,31,3,0,1
01-12-2024 07:47,3,170,52,0,27.14788656,48.18139264,77,Rainy,restroom,15,35,21,0,3
02-12-2024 16:41,2,226,72,1,20.41859528,41.33546883,75,Sunny,parking spot,16,7,4,1,4
01-12-2024 14:00,3,186,39,0,28.49115988,40.68924156,138,Cloudy,restroom,14,50,33,0,3
02-12-2024 01:02,2,292,53,1,26.27316816,78.3687639,78,Cloudy,parking spot,15,29,0,1,3
06-12-2024 08:21,2,144,77,0,25.99552166,49.51496551,134,Cloudy,food stall,13,33,16,0,5
01-12-2024 01:03,3,233,28,1,28.83600553,58.50217401,76,Sunny,food stall,10,42,16,1,2
01-12-2024 22:42,1,65,49,0,15.35966063,46.79186651,51,Cloudy,parking spot,12,38,38,0,1
05-12-2024 07:50,2,169,49,0,29.84162222,46.46815305,58,Cloudy,restroom,7,49,45,0,1
05-12-2024 01:39,2,130,78,0,20.24113792,71.83042435,113,Sunny,restroom,19,42,31,0,1
07-12-2024 01:48,3,280,16,1,16.71095711,63.55735843,99,Rainy,restroom,9,21,5,1,2
07-12-2024 16:10,1,283,107,1,25.67633196,63.95277124,104,Cloudy,restroom,9,12,8,1,2
05-12-2024 02:06,2,270,88,1,23.85379829,66.52512916,52,Cloudy,parking spot,15,45,29,1,3
05-12-2024 08:01,1,159,45,0,26.35717529,53.40306789,141,Cloudy,parking spot,16,16,3,0,2
02-12-2024 23:13,3,193,79,0,24.59699623,60.23176363,127,Sunny,restroom,10,27,22,0,1
06-12-2024 08:51,2,281,94,1,17.07535782,79.83450165,79,Cloudy,restroom,13,50,18,1,5
06-12-2024 18:35,3,188,76,0,17.73648327,74.96588871,140,Sunny,food stall,6,17,12,0,1
06-12-2024 13:26,2,130,33,0,17.84310835,64.88671453,80,Rainy,parking spot,13,33,32,0,2
07-12-2024 14:16,2,190,22,0,24.86991811,53.01409095,108,Rainy,restroom,16,40,4,0,1
01-12-2024 11:30,2,295,109,1,24.7073198,74.78879845,85,Rainy,parking spot,12,48,17,1,5
04-12-2024 10:39,3,112,58,0,23.42535404,58.98361941,140,Sunny,food stall,13,11,10,0,4
05-12-2024 15:19,2,284,61,1,15.88896003,63.35999408,124,Cloudy,food stall,7,29,14,1,1
02-12-2024 03:51,3,48,36,0,25.63478769,73.80920116,60,Cloudy,food stall,5,7,6,0,4
05-12-2024 01:49,2,207,46,1,16.73117988,50.77516224,80,Sunny,food stall,17,46,35,1,4
07-12-2024 08:19,3,171,57,0,22.64116,64.46843826,109,Cloudy,parking spot,16,22,20,0,4
06-12-2024 08:47,3,46,96,0,16.96105712,69.40489022,100,Cloudy,food stall,10,45,35,0,5
06-12-2024 15:04,2,224,34,1,20.23202206,48.45069447,127,Sunny,food stall,17,12,9,1,5
03-12-2024 20:33,1,244,90,1,19.91796261,70.19569465,86,Cloudy,food stall,3,47,34,1,3
07-12-2024 02:40,2,136,95,0,28.3139096,78.01881665,113,Rainy,parking spot,8,25,16,0,2
06-12-2024 20:31,2,264,21,1,15.06605307,64.41473495,61,Sunny,restroom,17,32,5,1,5
04-12-2024 19:24,3,151,108,0,23.93845427,79.8109996,113,Cloudy,food stall,8,42,8,0,2
02-12-2024 23:48,1,197,119,0,16.72739806,64.72659927,81,Cloudy,food stall,14,35,23,0,1
06-12-2024 01:59,3,191,91,0,15.2230606,51.49240849,147,Sunny,restroom,19,20,6,0,4
04-12-2024 09:04,2,222,61,1,24.36688506,65.05192242,73,Cloudy,food stall,4,21,20,1,1
